3;0.00;0.83;0.93
3;0.10;0.83;0.93
3;0.20;0.83;0.93
3;0.30;0.83;0.93
3;0.40;0.83;0.93
3;0.50;0.83;0.93
3;0.60;0.83;0.93
3;0.70;0.83;0.93
3;0.80;0.83;0.93
3;0.90;0.83;0.93
3;1.00;0.83;0.93
3;1.10;0.83;0.93
3;1.20;0.83;0.93
3;1.30;0.83;0.93
3;1.40;0.83;0.93
3;1.50;0.83;0.93
3;1.60;0.83;0.93
3;1.70;0.83;0.93
3;1.80;0.83;0.93
3;1.90;0.83;0.93
3;2.00;0.83;0.93
3;2.10;0.83;0.93
3;2.20;0.83;0.93
3;2.30;0.83;0.93
3;2.40;0.83;0.93
3;2.50;0.83;0.93
3;2.60;0.83;0.93
3;2.70;0.83;0.93
3;2.80;0.83;0.93
3;2.90;0.83;0.93
3;3.00;0.83;0.93
3;3.10;0.83;0.93
3;3.20;0.83;0.93
3;3.30;0.83;0.93
3;3.40;0.83;0.93
3;3.50;0.83;0.93
3;3.60;0.83;0.93
3;3.70;0.83;0.93
3;3.80;0.83;0.93
3;3.90;0.83;0.93
3;4.00;0.83;0.93
3;4.10;0.83;0.93
3;4.20;0.83;0.93
3;4.30;0.83;0.93
3;4.40;0.83;0.93
3;4.50;0.83;0.93
3;4.60;0.83;0.93
3;4.70;0.83;0.93
3;4.80;0.83;0.93
3;4.90;0.83;0.93
3;5.00;0.83;0.92
3;5.10;0.83;0.92
3;5.20;0.83;0.91
3;5.30;0.82;0.91
3;5.40;0.82;0.90
3;5.50;0.82;0.89
3;5.60;0.82;0.88
3;5.70;0.81;0.86
3;5.80;0.79;0.82
3;5.90;0.78;0.80
3;6.00;0.78;0.79
3;6.10;0.77;0.78
3;6.20;0.76;0.77
3;6.30;0.74;0.76
3;6.40;0.74;0.75
3;6.50;0.72;0.74
3;6.60;0.69;0.73
3;6.70;0.67;0.72
3;6.80;0.65;0.71
3;6.90;0.61;0.70
3;7.00;0.59;0.68
3;7.10;0.56;0.67
3;7.20;0.54;0.64
3;7.30;0.52;0.62
3;7.40;0.50;0.60
3;7.50;0.48;0.58
3;7.60;0.45;0.56
3;7.70;0.44;0.53
3;7.80;0.42;0.50
3;7.90;0.40;0.47
3;8.00;0.38;0.44
3;8.10;0.36;0.42
3;8.20;0.33;0.38
3;8.30;0.30;0.36
3;8.40;0.28;0.33
3;8.50;0.27;0.30
3;8.60;0.24;0.26
3;8.70;0.20;0.23
3;8.80;0.19;0.19
3;8.90;0.17;0.17
3;9.00;0.12;0.14
3;9.10;0.09;0.11
3;9.20;0.09;0.10
3;9.30;0.06;0.09
3;9.40;0.06;0.09
3;9.50;0.04;0.07
3;9.60;0.02;0.07
3;9.70;0.04;0.05
3;9.80;0.02;0.04
3;9.90;0.01;0.03
3;10.00;0.00;0.02
3;10.10;0.00;0.02
3;10.20;0.02;0.02
3;10.30;0.02;0.02
3;10.40;0.03;0.01
3;10.50;0.03;0.01
3;10.60;0.04;0.00
3;10.70;0.04;0.01
3;10.80;0.05;0.01
3;10.90;0.05;0.00
3;11.00;0.05;0.00
3;11.10;0.04;0.01
3;11.20;0.04;0.01
3;11.30;0.04;0.03
3;11.40;0.04;0.03
3;11.50;0.04;0.03
3;11.60;0.04;0.03
3;11.70;0.04;0.04
3;11.80;0.04;0.04
3;11.90;0.03;0.05
3;12.00;0.03;0.05
3;12.10;0.04;0.05
3;12.20;0.04;0.05
3;12.30;0.04;0.05
3;12.40;0.03;0.05
3;12.50;0.03;0.05
3;12.60;0.03;0.05
3;12.70;0.03;0.05
3;12.80;0.01;0.05
3;12.90;0.01;0.05
3;13.00;0.02;0.05
3;13.10;0.04;0.05
3;13.20;0.04;0.06
3;13.30;0.05;0.07
3;13.40;0.06;0.07
3;13.50;0.08;0.07
3;13.60;0.08;0.08
3;13.70;0.07;0.07
3;13.80;0.08;0.08
3;13.90;0.09;0.09
3;14.00;0.09;0.09
3;14.10;0.09;0.10
3;14.20;0.09;0.12
3;14.30;0.08;0.13
3;14.40;0.09;0.15
3;14.50;0.10;0.17
3;14.60;0.11;0.18
3;14.70;0.12;0.18
3;14.80;0.13;0.20
3;14.90;0.15;0.21
3;15.00;0.17;0.23
3;15.10;0.18;0.24
3;15.20;0.20;0.25
3;15.30;0.21;0.25
3;15.40;0.23;0.27
3;15.50;0.24;0.30
3;15.60;0.24;0.31
3;15.70;0.26;0.32
3;15.80;0.25;0.33
3;15.90;0.27;0.34
3;16.00;0.28;0.35
3;16.10;0.30;0.36
3;16.20;0.31;0.39
3;16.30;0.31;0.42
3;16.40;0.34;0.44
3;16.50;0.34;0.47
3;16.60;0.32;0.49
3;16.70;0.35;0.51
3;16.80;0.34;0.54
3;16.90;0.33;0.56
3;17.00;0.33;0.58
3;17.10;0.33;0.60
3;17.20;0.33;0.63
3;17.30;0.33;0.64
3;17.40;0.35;0.68
3;17.50;0.34;0.70
3;17.60;0.36;0.73
3;17.70;0.37;0.76
3;17.80;0.36;0.75
3;17.90;0.35;0.78
3;18.00;0.36;0.79
3;18.10;0.36;0.81
3;18.20;0.37;0.82
3;18.30;0.36;0.84
3;18.40;0.37;0.84
3;18.50;0.37;0.85
3;18.60;0.37;0.85
3;18.70;0.38;0.85
3;18.80;0.39;0.86
3;18.90;0.39;0.86
3;19.00;0.40;0.87
3;19.10;0.40;0.87
3;19.20;0.41;0.88
3;19.30;0.43;0.88
3;19.40;0.45;0.88
3;19.50;0.47;0.88
3;19.60;0.48;0.88
3;19.70;0.50;0.88
3;19.80;0.51;0.88
3;19.90;0.51;0.89
3;20.00;0.51;0.89
3;20.10;0.53;0.89
3;20.20;0.54;0.89
3;20.30;0.55;0.89
3;20.40;0.56;0.89
3;20.50;0.58;0.89
3;20.60;0.59;0.89
3;20.70;0.61;0.90
3;20.80;0.61;0.90
3;20.90;0.62;0.90
3;21.00;0.64;0.90
3;21.10;0.67;0.91
3;21.20;0.68;0.91
3;21.30;0.69;0.91
3;21.40;0.71;0.91
3;21.50;0.73;0.91
3;21.60;0.75;0.91
3;21.70;0.75;0.92
3;21.80;0.77;0.92
3;21.90;0.79;0.92
3;22.00;0.79;0.92
3;22.10;0.80;0.92
3;22.20;0.80;0.92
3;22.30;0.81;0.92
3;22.40;0.82;0.92
3;22.50;0.82;0.92
3;22.60;0.82;0.92
3;22.70;0.83;0.92
3;22.80;0.84;0.93
3;22.90;0.84;0.93
3;23.00;0.84;0.93
3;23.10;0.84;0.93
3;23.20;0.84;0.93
3;23.30;0.84;0.93
3;23.40;0.84;0.93
3;23.50;0.84;0.93
3;23.60;0.84;0.93
3;23.70;0.84;0.93
3;23.80;0.84;0.93
3;23.90;0.84;0.93
4;0.00;0.84;0.93
4;0.10;0.85;0.93
4;0.20;0.85;0.93
4;0.30;0.85;0.93
4;0.40;0.85;0.93
4;0.50;0.85;0.93
4;0.60;0.85;0.93
4;0.70;0.85;0.93
4;0.80;0.85;0.93
4;0.90;0.85;0.93
4;1.00;0.85;0.93
4;1.10;0.85;0.93
4;1.20;0.85;0.93
4;1.30;0.85;0.93
4;1.40;0.85;0.93
4;1.50;0.85;0.93
4;1.60;0.85;0.93
4;1.70;0.85;0.93
4;1.80;0.85;0.93
4;1.90;0.85;0.93
4;2.00;0.85;0.93
4;2.10;0.85;0.93
4;2.20;0.85;0.93
4;2.30;0.85;0.93
4;2.40;0.85;0.93
4;2.50;0.85;0.93
4;2.60;0.85;0.93
4;2.70;0.85;0.93
4;2.80;0.85;0.93
4;2.90;0.85;0.93
4;3.00;0.85;0.93
4;3.10;0.85;0.93
4;3.20;0.85;0.93
4;3.30;0.85;0.93
4;3.40;0.85;0.93
4;3.50;0.85;0.93
4;3.60;0.85;0.93
4;3.70;0.85;0.93
4;3.80;0.85;0.93
4;3.90;0.85;0.93
4;4.00;0.85;0.93
4;4.10;0.85;0.93
4;4.20;0.85;0.93
4;4.30;0.85;0.93
4;4.40;0.85;0.93
4;4.50;0.85;0.93
4;4.60;0.85;0.93
4;4.70;0.85;0.93
4;4.80;0.86;0.93
4;4.90;0.86;0.92
4;5.00;0.86;0.92
4;5.10;0.85;0.92
4;5.20;0.85;0.91
4;5.30;0.85;0.91
4;5.40;0.84;0.90
4;5.50;0.84;0.89
4;5.60;0.83;0.87
4;5.70;0.83;0.85
4;5.80;0.82;0.83
4;5.90;0.81;0.81
4;6.00;0.81;0.80
4;6.10;0.80;0.79
4;6.20;0.78;0.78
4;6.30;0.76;0.77
4;6.40;0.75;0.76
4;6.50;0.74;0.76
4;6.60;0.71;0.75
4;6.70;0.68;0.75
4;6.80;0.66;0.73
4;6.90;0.63;0.72
4;7.00;0.60;0.71
4;7.10;0.59;0.69
4;7.20;0.58;0.66
4;7.30;0.56;0.64
4;7.40;0.54;0.62
4;7.50;0.52;0.60
4;7.60;0.50;0.56
4;7.70;0.49;0.55
4;7.80;0.47;0.53
4;7.90;0.44;0.51
4;8.00;0.43;0.49
4;8.10;0.41;0.45
4;8.20;0.39;0.44
4;8.30;0.38;0.41
4;8.40;0.36;0.38
4;8.50;0.34;0.36
4;8.60;0.30;0.34
4;8.70;0.26;0.31
4;8.80;0.25;0.28
4;8.90;0.22;0.27
4;9.00;0.19;0.24
4;9.10;0.18;0.22
4;9.20;0.16;0.21
4;9.30;0.15;0.19
4;9.40;0.13;0.18
4;9.50;0.10;0.17
4;9.60;0.09;0.17
4;9.70;0.07;0.16
4;9.80;0.04;0.15
4;9.90;0.03;0.14
4;10.00;0.01;0.14
4;10.10;0.00;0.14
4;10.20;0.01;0.13
4;10.30;0.01;0.13
4;10.40;0.01;0.13
4;10.50;0.01;0.13
4;10.60;0.01;0.12
4;10.70;0.01;0.13
4;10.80;0.00;0.12
4;10.90;0.01;0.12
4;11.00;0.00;0.11
4;11.10;0.02;0.10
4;11.20;0.03;0.11
4;11.30;0.04;0.10
4;11.40;0.06;0.10
4;11.50;0.06;0.10
4;11.60;0.06;0.10
4;11.70;0.05;0.09
4;11.80;0.05;0.08
4;11.90;0.06;0.08
4;12.00;0.06;0.07
4;12.10;0.07;0.09
4;12.20;0.07;0.09
4;12.30;0.07;0.10
4;12.40;0.08;0.10
4;12.50;0.08;0.11
4;12.60;0.08;0.12
4;12.70;0.08;0.13
4;12.80;0.07;0.13
4;12.90;0.08;0.13
4;13.00;0.09;0.14
4;13.10;0.09;0.14
4;13.20;0.09;0.16
4;13.30;0.10;0.17
4;13.40;0.10;0.18
4;13.50;0.10;0.18
4;13.60;0.11;0.19
4;13.70;0.12;0.20
4;13.80;0.11;0.21
4;13.90;0.11;0.20
4;14.00;0.11;0.21
4;14.10;0.13;0.22
4;14.20;0.14;0.24
4;14.30;0.15;0.27
4;14.40;0.16;0.28
4;14.50;0.17;0.31
4;14.60;0.18;0.31
4;14.70;0.19;0.33
4;14.80;0.19;0.34
4;14.90;0.21;0.36
4;15.00;0.23;0.39
4;15.10;0.24;0.41
4;15.20;0.27;0.42
4;15.30;0.29;0.43
4;15.40;0.31;0.45
4;15.50;0.33;0.46
4;15.60;0.33;0.47
4;15.70;0.34;0.48
4;15.80;0.35;0.49
4;15.90;0.36;0.50
4;16.00;0.36;0.51
4;16.10;0.36;0.52
4;16.20;0.37;0.54
4;16.30;0.39;0.56
4;16.40;0.41;0.56
4;16.50;0.42;0.58
4;16.60;0.39;0.59
4;16.70;0.37;0.61
4;16.80;0.34;0.62
4;16.90;0.32;0.64
4;17.00;0.33;0.65
4;17.10;0.32;0.67
4;17.20;0.30;0.68
4;17.30;0.29;0.70
4;17.40;0.28;0.72
4;17.50;0.28;0.74
4;17.60;0.27;0.76
4;17.70;0.25;0.76
4;17.80;0.25;0.77
4;17.90;0.23;0.78
4;18.00;0.21;0.79
4;18.10;0.18;0.80
4;18.20;0.14;0.81
4;18.30;0.12;0.81
4;18.40;0.09;0.82
4;18.50;0.06;0.82
4;18.60;0.04;0.83
4;18.70;0.02;0.83
4;18.80;0.02;0.83
4;18.90;0.01;0.84
4;19.00;0.00;0.85
4;19.10;0.00;0.85
4;19.20;0.00;0.86
4;19.30;0.02;0.85
4;19.40;0.03;0.85
4;19.50;0.05;0.86
4;19.60;0.05;0.86
4;19.70;0.06;0.86
4;19.80;0.06;0.86
4;19.90;0.08;0.86
4;20.00;0.09;0.86
4;20.10;0.11;0.86
4;20.20;0.07;0.87
4;20.30;0.08;0.87
4;20.40;0.09;0.88
4;20.50;0.10;0.88
4;20.60;0.12;0.88
4;20.70;0.13;0.88
4;20.80;0.17;0.88
4;20.90;0.19;0.89
4;21.00;0.21;0.89
4;21.10;0.24;0.89
4;21.20;0.28;0.89
4;21.30;0.32;0.89
4;21.40;0.36;0.89
4;21.50;0.39;0.90
4;21.60;0.44;0.90
4;21.70;0.48;0.91
4;21.80;0.52;0.91
4;21.90;0.53;0.91
4;22.00;0.54;0.91
4;22.10;0.54;0.91
4;22.20;0.56;0.91
4;22.30;0.58;0.91
4;22.40;0.59;0.91
4;22.50;0.60;0.92
4;22.60;0.62;0.92
4;22.70;0.64;0.92
4;22.80;0.64;0.92
4;22.90;0.66;0.92
4;23.00;0.67;0.92
4;23.10;0.67;0.92
4;23.20;0.68;0.92
4;23.30;0.69;0.92
4;23.40;0.70;0.92
4;23.50;0.71;0.92
4;23.60;0.72;0.92
4;23.70;0.73;0.92
4;23.80;0.74;0.92
4;23.90;0.75;0.93
5;0.00;0.76;0.93
5;0.10;0.76;0.93
5;0.20;0.76;0.93
5;0.30;0.77;0.93
5;0.40;0.78;0.93
5;0.50;0.78;0.93
5;0.60;0.79;0.93
5;0.70;0.79;0.93
5;0.80;0.79;0.93
5;0.90;0.79;0.93
5;1.00;0.79;0.93
5;1.10;0.79;0.93
5;1.20;0.79;0.93
5;1.30;0.80;0.93
5;1.40;0.80;0.93
5;1.50;0.80;0.93
5;1.60;0.80;0.93
5;1.70;0.80;0.93
5;1.80;0.80;0.93
5;1.90;0.80;0.93
5;2.00;0.80;0.93
5;2.10;0.80;0.93
5;2.20;0.80;0.93
5;2.30;0.81;0.93
5;2.40;0.81;0.93
5;2.50;0.81;0.93
5;2.60;0.81;0.93
5;2.70;0.81;0.93
5;2.80;0.81;0.93
5;2.90;0.81;0.93
5;3.00;0.81;0.93
5;3.10;0.81;0.93
5;3.20;0.81;0.93
5;3.30;0.81;0.93
5;3.40;0.81;0.93
5;3.50;0.81;0.93
5;3.60;0.81;0.93
5;3.70;0.81;0.93
5;3.80;0.81;0.93
5;3.90;0.81;0.93
5;4.00;0.81;0.93
5;4.10;0.81;0.93
5;4.20;0.81;0.93
5;4.30;0.81;0.93
5;4.40;0.81;0.93
5;4.50;0.81;0.93
5;4.60;0.81;0.93
5;4.70;0.81;0.93
5;4.80;0.81;0.93
5;4.90;0.81;0.93
5;5.00;0.81;0.93
5;5.10;0.80;0.92
5;5.20;0.81;0.92
5;5.30;0.80;0.92
5;5.40;0.80;0.92
5;5.50;0.79;0.92
5;5.60;0.78;0.92
5;5.70;0.76;0.92
5;5.80;0.76;0.91
5;5.90;0.75;0.91
5;6.00;0.75;0.91
5;6.10;0.74;0.90
5;6.20;0.74;0.90
5;6.30;0.73;0.91
5;6.40;0.73;0.90
5;6.50;0.71;0.90
5;6.60;0.70;0.90
5;6.70;0.69;0.90
5;6.80;0.68;0.90
5;6.90;0.66;0.90
5;7.00;0.66;0.90
5;7.10;0.65;0.90
5;7.20;0.63;0.90
5;7.30;0.61;0.90
5;7.40;0.60;0.89
5;7.50;0.58;0.89
5;7.60;0.55;0.89
5;7.70;0.50;0.88
5;7.80;0.49;0.88
5;7.90;0.47;0.88
5;8.00;0.44;0.87
5;8.10;0.42;0.87
5;8.20;0.39;0.86
5;8.30;0.35;0.85
5;8.40;0.31;0.85
5;8.50;0.27;0.84
5;8.60;0.24;0.83
5;8.70;0.17;0.83
5;8.80;0.13;0.82
5;8.90;0.06;0.81
5;9.00;0.01;0.80
5;9.10;0.00;0.79
5;9.20;0.00;0.79
5;9.30;0.00;0.78
5;9.40;0.00;0.77
5;9.50;0.00;0.75
5;9.60;0.00;0.74
5;9.70;0.00;0.73
5;9.80;0.00;0.72
5;9.90;0.00;0.71
5;10.00;0.00;0.69
5;10.10;0.00;0.68
5;10.20;0.00;0.67
5;10.30;0.00;0.67
5;10.40;0.00;0.66
5;10.50;0.00;0.65
5;10.60;0.00;0.65
5;10.70;0.00;0.64
5;10.80;0.00;0.64
5;10.90;0.00;0.64
5;11.00;0.00;0.63
5;11.10;0.00;0.62
5;11.20;0.00;0.62
5;11.30;0.00;0.61
5;11.40;0.00;0.61
5;11.50;0.00;0.60
5;11.60;0.00;0.58
5;11.70;0.00;0.58
5;11.80;0.00;0.57
5;11.90;0.00;0.56
5;12.00;0.00;0.55
5;12.10;0.00;0.54
5;12.20;0.00;0.54
5;12.30;0.00;0.54
5;12.40;0.00;0.54
5;12.50;0.00;0.54
5;12.60;0.01;0.55
5;12.70;0.00;0.54
5;12.80;0.00;0.55
5;12.90;0.00;0.55
5;13.00;0.00;0.55
5;13.10;0.01;0.55
5;13.20;0.02;0.54
5;13.30;0.02;0.55
5;13.40;0.04;0.56
5;13.50;0.04;0.56
5;13.60;0.03;0.57
5;13.70;0.03;0.56
5;13.80;0.04;0.57
5;13.90;0.04;0.57
5;14.00;0.03;0.58
5;14.10;0.04;0.59
5;14.20;0.04;0.58
5;14.30;0.04;0.59
5;14.40;0.02;0.60
5;14.50;0.02;0.61
5;14.60;0.01;0.61
5;14.70;0.00;0.60
5;14.80;0.00;0.61
5;14.90;0.00;0.61
5;15.00;0.00;0.62
5;15.10;0.02;0.62
5;15.20;0.05;0.63
5;15.30;0.06;0.64
5;15.40;0.07;0.64
5;15.50;0.07;0.65
5;15.60;0.08;0.66
5;15.70;0.10;0.66
5;15.80;0.11;0.66
5;15.90;0.11;0.67
5;16.00;0.12;0.67
5;16.10;0.13;0.68
5;16.20;0.15;0.68
5;16.30;0.15;0.69
5;16.40;0.17;0.69
5;16.50;0.18;0.70
5;16.60;0.20;0.71
5;16.70;0.20;0.71
5;16.80;0.20;0.73
5;16.90;0.21;0.74
5;17.00;0.23;0.76
5;17.10;0.23;0.76
5;17.20;0.24;0.77
5;17.30;0.26;0.78
5;17.40;0.29;0.79
5;17.50;0.30;0.80
5;17.60;0.30;0.80
5;17.70;0.31;0.80
5;17.80;0.33;0.81
5;17.90;0.33;0.81
5;18.00;0.32;0.81
5;18.10;0.31;0.81
5;18.20;0.30;0.82
5;18.30;0.27;0.81
5;18.40;0.27;0.82
5;18.50;0.27;0.81
5;18.60;0.25;0.81
5;18.70;0.24;0.81
5;18.80;0.24;0.81
5;18.90;0.23;0.81
5;19.00;0.21;0.80
5;19.10;0.21;0.81
5;19.20;0.22;0.80
5;19.30;0.23;0.80
5;19.40;0.21;0.81
5;19.50;0.21;0.81
5;19.60;0.21;0.80
5;19.70;0.21;0.80
5;19.80;0.21;0.81
5;19.90;0.22;0.80
5;20.00;0.23;0.80
5;20.10;0.24;0.81
5;20.20;0.24;0.80
5;20.30;0.26;0.81
5;20.40;0.26;0.80
5;20.50;0.27;0.81
5;20.60;0.27;0.81
5;20.70;0.28;0.81
5;20.80;0.30;0.81
5;20.90;0.32;0.81
5;21.00;0.34;0.81
5;21.10;0.36;0.82
5;21.20;0.38;0.82
5;21.30;0.39;0.83
5;21.40;0.42;0.83
5;21.50;0.44;0.83
5;21.60;0.45;0.83
5;21.70;0.45;0.83
5;21.80;0.46;0.84
5;21.90;0.47;0.84
5;22.00;0.48;0.85
5;22.10;0.49;0.85
5;22.20;0.51;0.86
5;22.30;0.52;0.86
5;22.40;0.52;0.86
5;22.50;0.53;0.86
5;22.60;0.55;0.87
5;22.70;0.57;0.86
5;22.80;0.57;0.87
5;22.90;0.58;0.87
5;23.00;0.59;0.87
5;23.10;0.60;0.87
5;23.20;0.61;0.87
5;23.30;0.62;0.87
5;23.40;0.64;0.88
5;23.50;0.65;0.88
5;23.60;0.67;0.88
5;23.70;0.69;0.88
5;23.80;0.70;0.88
5;23.90;0.71;0.88
6;0.00;0.71;0.88
6;0.10;0.71;0.88
6;0.20;0.71;0.88
6;0.30;0.72;0.88
6;0.40;0.72;0.88
6;0.50;0.73;0.88
6;0.60;0.74;0.88
6;0.70;0.76;0.88
6;0.80;0.76;0.89
6;0.90;0.76;0.89
6;1.00;0.77;0.89
6;1.10;0.78;0.89
6;1.20;0.78;0.89
6;1.30;0.79;0.89
6;1.40;0.79;0.89
6;1.50;0.80;0.89
6;1.60;0.80;0.89
6;1.70;0.80;0.89
6;1.80;0.80;0.89
6;1.90;0.80;0.89
6;2.00;0.80;0.89
6;2.10;0.80;0.89
6;2.20;0.81;0.89
6;2.30;0.81;0.89
6;2.40;0.81;0.89
6;2.50;0.82;0.89
6;2.60;0.82;0.89
6;2.70;0.82;0.89
6;2.80;0.82;0.89
6;2.90;0.82;0.89
6;3.00;0.82;0.89
6;3.10;0.82;0.89
6;3.20;0.82;0.89
6;3.30;0.82;0.89
6;3.40;0.82;0.89
6;3.50;0.82;0.89
6;3.60;0.82;0.89
6;3.70;0.82;0.89
6;3.80;0.82;0.89
6;3.90;0.82;0.89
6;4.00;0.82;0.89
6;4.10;0.82;0.89
6;4.20;0.82;0.89
6;4.30;0.82;0.89
6;4.40;0.82;0.89
6;4.50;0.82;0.89
6;4.60;0.82;0.89
6;4.70;0.82;0.89
6;4.80;0.82;0.89
6;4.90;0.83;0.89
6;5.00;0.83;0.89
6;5.10;0.82;0.89
6;5.20;0.82;0.89
6;5.30;0.82;0.89
6;5.40;0.82;0.89
6;5.50;0.82;0.89
6;5.60;0.82;0.89
6;5.70;0.81;0.89
6;5.80;0.80;0.89
6;5.90;0.80;0.89
6;6.00;0.80;0.89
6;6.10;0.80;0.89
6;6.20;0.79;0.89
6;6.30;0.79;0.89
6;6.40;0.79;0.89
6;6.50;0.78;0.89
6;6.60;0.78;0.89
6;6.70;0.77;0.89
6;6.80;0.76;0.89
6;6.90;0.76;0.89
6;7.00;0.76;0.89
6;7.10;0.75;0.88
6;7.20;0.75;0.88
6;7.30;0.74;0.88
6;7.40;0.72;0.88
6;7.50;0.71;0.88
6;7.60;0.69;0.88
6;7.70;0.70;0.88
6;7.80;0.69;0.88
6;7.90;0.68;0.87
6;8.00;0.66;0.87
6;8.10;0.65;0.87
6;8.20;0.65;0.87
6;8.30;0.64;0.87
6;8.40;0.62;0.87
6;8.50;0.59;0.86
6;8.60;0.58;0.86
6;8.70;0.55;0.86
6;8.80;0.54;0.86
6;8.90;0.51;0.86
6;9.00;0.48;0.86
6;9.10;0.46;0.86
6;9.20;0.43;0.86
6;9.30;0.39;0.85
6;9.40;0.35;0.84
6;9.50;0.31;0.84
6;9.60;0.28;0.84
6;9.70;0.26;0.84
6;9.80;0.24;0.84
6;9.90;0.22;0.84
6;10.00;0.19;0.84
6;10.10;0.18;0.84
6;10.20;0.14;0.84
6;10.30;0.11;0.84
6;10.40;0.09;0.84
6;10.50;0.07;0.84
6;10.60;0.04;0.84
6;10.70;0.02;0.84
6;10.80;0.00;0.84
6;10.90;0.00;0.83
6;11.00;0.00;0.83
6;11.10;0.00;0.83
6;11.20;0.00;0.83
6;11.30;0.00;0.82
6;11.40;0.00;0.82
6;11.50;0.00;0.82
6;11.60;0.00;0.81
6;11.70;0.00;0.81
6;11.80;0.00;0.80
6;11.90;0.00;0.80
6;12.00;0.00;0.79
6;12.10;0.00;0.78
6;12.20;0.00;0.78
6;12.30;0.00;0.77
6;12.40;0.00;0.77
6;12.50;0.00;0.77
6;12.60;0.00;0.77
6;12.70;0.00;0.77
6;12.80;0.00;0.76
6;12.90;0.00;0.76
6;13.00;0.00;0.76
6;13.10;0.00;0.76
6;13.20;0.00;0.75
6;13.30;0.00;0.75
6;13.40;0.01;0.75
6;13.50;0.01;0.75
6;13.60;0.00;0.75
6;13.70;0.00;0.76
6;13.80;0.01;0.76
6;13.90;0.02;0.76
6;14.00;0.03;0.76
6;14.10;0.02;0.76
6;14.20;0.03;0.77
6;14.30;0.02;0.78
6;14.40;0.00;0.77
6;14.50;0.00;0.77
6;14.60;0.01;0.78
6;14.70;0.00;0.77
6;14.80;0.01;0.77
6;14.90;0.01;0.77
6;15.00;0.01;0.78
6;15.10;0.02;0.78
6;15.20;0.04;0.79
6;15.30;0.05;0.79
6;15.40;0.08;0.79
6;15.50;0.10;0.79
6;15.60;0.11;0.80
6;15.70;0.12;0.80
6;15.80;0.14;0.81
6;15.90;0.15;0.81
6;16.00;0.16;0.81
6;16.10;0.18;0.81
6;16.20;0.20;0.82
6;16.30;0.22;0.82
6;16.40;0.24;0.83
6;16.50;0.27;0.84
6;16.60;0.28;0.85
6;16.70;0.29;0.85
6;16.80;0.29;0.86
6;16.90;0.32;0.86
6;17.00;0.34;0.86
6;17.10;0.35;0.87
6;17.20;0.38;0.87
6;17.30;0.41;0.87
6;17.40;0.44;0.87
6;17.50;0.46;0.88
6;17.60;0.46;0.88
6;17.70;0.48;0.88
6;17.80;0.50;0.88
6;17.90;0.53;0.89
6;18.00;0.53;0.89
6;18.10;0.55;0.89
6;18.20;0.58;0.89
6;18.30;0.60;0.89
6;18.40;0.61;0.89
6;18.50;0.63;0.89
6;18.60;0.63;0.89
6;18.70;0.63;0.89
6;18.80;0.65;0.89
6;18.90;0.66;0.90
6;19.00;0.68;0.90
6;19.10;0.68;0.90
6;19.20;0.69;0.90
6;19.30;0.70;0.90
6;19.40;0.71;0.90
6;19.50;0.72;0.90
6;19.60;0.73;0.90
6;19.70;0.74;0.90
6;19.80;0.74;0.90
6;19.90;0.74;0.90
6;20.00;0.75;0.90
6;20.10;0.75;0.90
6;20.20;0.74;0.91
6;20.30;0.74;0.91
6;20.40;0.74;0.91
6;20.50;0.74;0.91
6;20.60;0.75;0.91
6;20.70;0.76;0.91
6;20.80;0.77;0.91
6;20.90;0.77;0.91
6;21.00;0.78;0.91
6;21.10;0.78;0.91
6;21.20;0.79;0.91
6;21.30;0.80;0.91
6;21.40;0.80;0.92
6;21.50;0.81;0.92
6;21.60;0.81;0.92
6;21.70;0.81;0.92
6;21.80;0.82;0.92
6;21.90;0.82;0.92
6;22.00;0.82;0.92
6;22.10;0.83;0.92
6;22.20;0.84;0.92
6;22.30;0.84;0.92
6;22.40;0.84;0.92
6;22.50;0.84;0.92
6;22.60;0.85;0.92
6;22.70;0.85;0.92
6;22.80;0.85;0.92
6;22.90;0.85;0.92
6;23.00;0.85;0.92
6;23.10;0.86;0.92
6;23.20;0.86;0.92
6;23.30;0.86;0.92
6;23.40;0.86;0.92
6;23.50;0.86;0.92
6;23.60;0.86;0.92
6;23.70;0.86;0.93
6;23.80;0.86;0.93
6;23.90;0.86;0.93
0;0.00;0.86;0.93
0;0.10;0.86;0.93
0;0.20;0.86;0.93
0;0.30;0.86;0.93
0;0.40;0.86;0.93
0;0.50;0.86;0.93
0;0.60;0.86;0.93
0;0.70;0.86;0.93
0;0.80;0.86;0.93
0;0.90;0.86;0.93
0;1.00;0.86;0.93
0;1.10;0.86;0.93
0;1.20;0.86;0.93
0;1.30;0.86;0.93
0;1.40;0.86;0.93
0;1.50;0.86;0.93
0;1.60;0.86;0.93
0;1.70;0.86;0.93
0;1.80;0.86;0.93
0;1.90;0.86;0.93
0;2.00;0.86;0.93
0;2.10;0.86;0.93
0;2.20;0.86;0.93
0;2.30;0.86;0.93
0;2.40;0.86;0.93
0;2.50;0.86;0.93
0;2.60;0.86;0.93
0;2.70;0.86;0.93
0;2.80;0.86;0.93
0;2.90;0.86;0.93
0;3.00;0.86;0.93
0;3.10;0.86;0.93
0;3.20;0.86;0.93
0;3.30;0.86;0.93
0;3.40;0.86;0.92
0;3.50;0.86;0.92
0;3.60;0.86;0.92
0;3.70;0.86;0.92
0;3.80;0.86;0.92
0;3.90;0.86;0.92
0;4.00;0.86;0.92
0;4.10;0.86;0.92
0;4.20;0.86;0.92
0;4.30;0.86;0.92
0;4.40;0.86;0.92
0;4.50;0.86;0.92
0;4.60;0.86;0.92
0;4.70;0.86;0.92
0;4.80;0.86;0.92
0;4.90;0.86;0.92
0;5.00;0.86;0.92
0;5.10;0.86;0.91
0;5.20;0.86;0.91
0;5.30;0.85;0.91
0;5.40;0.84;0.90
0;5.50;0.83;0.89
0;5.60;0.83;0.88
0;5.70;0.82;0.87
0;5.80;0.81;0.84
0;5.90;0.81;0.82
0;6.00;0.80;0.81
0;6.10;0.79;0.81
0;6.20;0.78;0.79
0;6.30;0.78;0.78
0;6.40;0.76;0.78
0;6.50;0.75;0.77
0;6.60;0.73;0.76
0;6.70;0.71;0.75
0;6.80;0.69;0.75
0;6.90;0.66;0.72
0;7.00;0.64;0.69
0;7.10;0.63;0.66
0;7.20;0.62;0.64
0;7.30;0.61;0.62
0;7.40;0.60;0.60
0;7.50;0.58;0.58
0;7.60;0.57;0.56
0;7.70;0.56;0.53
0;7.80;0.55;0.52
0;7.90;0.53;0.48
0;8.00;0.52;0.46
0;8.10;0.50;0.44
0;8.20;0.48;0.41
0;8.30;0.46;0.37
0;8.40;0.45;0.33
0;8.50;0.44;0.31
0;8.60;0.43;0.30
0;8.70;0.40;0.26
0;8.80;0.38;0.25
0;8.90;0.35;0.21
0;9.00;0.34;0.20
0;9.10;0.32;0.17
0;9.20;0.30;0.17
0;9.30;0.27;0.17
0;9.40;0.26;0.16
0;9.50;0.25;0.16
0;9.60;0.22;0.15
0;9.70;0.20;0.14
0;9.80;0.18;0.14
0;9.90;0.16;0.13
0;10.00;0.15;0.12
0;10.10;0.14;0.12
0;10.20;0.13;0.10
0;10.30;0.13;0.10
0;10.40;0.10;0.09
0;10.50;0.11;0.09
0;10.60;0.11;0.09
0;10.70;0.12;0.08
0;10.80;0.12;0.09
0;10.90;0.12;0.09
0;11.00;0.11;0.09
0;11.10;0.11;0.08
0;11.20;0.12;0.08
0;11.30;0.13;0.08
0;11.40;0.13;0.08
0;11.50;0.13;0.08
0;11.60;0.12;0.08
0;11.70;0.11;0.08
0;11.80;0.11;0.08
0;11.90;0.10;0.09
0;12.00;0.10;0.08
0;12.10;0.11;0.08
0;12.20;0.11;0.10
0;12.30;0.09;0.10
0;12.40;0.10;0.11
0;12.50;0.11;0.10
0;12.60;0.12;0.10
0;12.70;0.14;0.10
0;12.80;0.13;0.10
0;12.90;0.11;0.10
0;13.00;0.13;0.09
0;13.10;0.11;0.09
0;13.20;0.11;0.09
0;13.30;0.12;0.09
0;13.40;0.12;0.09
0;13.50;0.12;0.10
0;13.60;0.13;0.10
0;13.70;0.13;0.10
0;13.80;0.14;0.11
0;13.90;0.14;0.10
0;14.00;0.14;0.11
0;14.10;0.15;0.12
0;14.20;0.17;0.15
0;14.30;0.17;0.17
0;14.40;0.17;0.18
0;14.50;0.17;0.20
0;14.60;0.19;0.21
0;14.70;0.21;0.22
0;14.80;0.22;0.23
0;14.90;0.23;0.26
0;15.00;0.25;0.27
0;15.10;0.26;0.28
0;15.20;0.26;0.30
0;15.30;0.28;0.31
0;15.40;0.29;0.33
0;15.50;0.31;0.33
0;15.60;0.31;0.35
0;15.70;0.32;0.35
0;15.80;0.32;0.36
0;15.90;0.32;0.38
0;16.00;0.33;0.38
0;16.10;0.34;0.40
0;16.20;0.37;0.41
0;16.30;0.38;0.44
0;16.40;0.40;0.48
0;16.50;0.43;0.49
0;16.60;0.42;0.51
0;16.70;0.42;0.54
0;16.80;0.43;0.55
0;16.90;0.44;0.58
0;17.00;0.44;0.61
0;17.10;0.43;0.63
0;17.20;0.43;0.63
0;17.30;0.45;0.68
0;17.40;0.46;0.71
0;17.50;0.47;0.73
0;17.60;0.48;0.74
0;17.70;0.46;0.76
0;17.80;0.46;0.78
0;17.90;0.47;0.78
0;18.00;0.48;0.79
0;18.10;0.48;0.80
0;18.20;0.49;0.81
0;18.30;0.50;0.82
0;18.40;0.51;0.83
0;18.50;0.51;0.84
0;18.60;0.52;0.84
0;18.70;0.51;0.85
0;18.80;0.51;0.85
0;18.90;0.52;0.86
0;19.00;0.52;0.87
0;19.10;0.52;0.88
0;19.20;0.52;0.88
0;19.30;0.53;0.88
0;19.40;0.54;0.88
0;19.50;0.54;0.88
0;19.60;0.56;0.89
0;19.70;0.55;0.89
0;19.80;0.56;0.89
0;19.90;0.57;0.89
0;20.00;0.57;0.89
0;20.10;0.57;0.89
0;20.20;0.57;0.89
0;20.30;0.58;0.90
0;20.40;0.60;0.90
0;20.50;0.60;0.90
0;20.60;0.62;0.90
0;20.70;0.62;0.90
0;20.80;0.63;0.90
0;20.90;0.63;0.90
0;21.00;0.65;0.90
0;21.10;0.68;0.90
0;21.20;0.69;0.91
0;21.30;0.71;0.91
0;21.40;0.73;0.91
0;21.50;0.74;0.92
0;21.60;0.78;0.92
0;21.70;0.80;0.93
0;21.80;0.81;0.93
0;21.90;0.81;0.93
0;22.00;0.81;0.93
0;22.10;0.81;0.93
0;22.20;0.81;0.93
0;22.30;0.82;0.93
0;22.40;0.82;0.93
0;22.50;0.83;0.93
0;22.60;0.83;0.93
0;22.70;0.84;0.93
0;22.80;0.84;0.93
0;22.90;0.83;0.93
0;23.00;0.83;0.93
0;23.10;0.83;0.93
0;23.20;0.84;0.93
0;23.30;0.84;0.93
0;23.40;0.85;0.93
0;23.50;0.85;0.93
0;23.60;0.85;0.93
0;23.70;0.86;0.93
0;23.80;0.86;0.93
0;23.90;0.86;0.93
1;0.00;0.86;0.93
1;0.10;0.86;0.93
1;0.20;0.86;0.93
1;0.30;0.86;0.93
1;0.40;0.86;0.93
1;0.50;0.86;0.93
1;0.60;0.86;0.93
1;0.70;0.86;0.93
1;0.80;0.86;0.93
1;0.90;0.86;0.93
1;1.00;0.86;0.93
1;1.10;0.86;0.93
1;1.20;0.86;0.93
1;1.30;0.86;0.93
1;1.40;0.86;0.93
1;1.50;0.86;0.93
1;1.60;0.86;0.93
1;1.70;0.86;0.93
1;1.80;0.86;0.93
1;1.90;0.86;0.93
1;2.00;0.86;0.93
1;2.10;0.86;0.93
1;2.20;0.86;0.93
1;2.30;0.86;0.93
1;2.40;0.86;0.93
1;2.50;0.86;0.93
1;2.60;0.86;0.93
1;2.70;0.86;0.93
1;2.80;0.86;0.93
1;2.90;0.86;0.93
1;3.00;0.86;0.93
1;3.10;0.86;0.93
1;3.20;0.86;0.93
1;3.30;0.86;0.93
1;3.40;0.86;0.93
1;3.50;0.86;0.93
1;3.60;0.86;0.93
1;3.70;0.86;0.93
1;3.80;0.86;0.93
1;3.90;0.86;0.93
1;4.00;0.86;0.93
1;4.10;0.86;0.93
1;4.20;0.86;0.93
1;4.30;0.86;0.93
1;4.40;0.86;0.93
1;4.50;0.86;0.93
1;4.60;0.86;0.93
1;4.70;0.86;0.93
1;4.80;0.86;0.93
1;4.90;0.86;0.93
1;5.00;0.86;0.92
1;5.10;0.86;0.92
1;5.20;0.86;0.91
1;5.30;0.85;0.91
1;5.40;0.84;0.90
1;5.50;0.83;0.89
1;5.60;0.83;0.88
1;5.70;0.83;0.86
1;5.80;0.82;0.83
1;5.90;0.81;0.81
1;6.00;0.80;0.80
1;6.10;0.79;0.79
1;6.20;0.78;0.78
1;6.30;0.76;0.77
1;6.40;0.74;0.75
1;6.50;0.74;0.74
1;6.60;0.71;0.73
1;6.70;0.70;0.71
1;6.80;0.69;0.71
1;6.90;0.66;0.70
1;7.00;0.65;0.68
1;7.10;0.64;0.66
1;7.20;0.63;0.64
1;7.30;0.62;0.62
1;7.40;0.60;0.60
1;7.50;0.59;0.56
1;7.60;0.57;0.54
1;7.70;0.55;0.52
1;7.80;0.54;0.49
1;7.90;0.51;0.46
1;8.00;0.49;0.43
1;8.10;0.47;0.39
1;8.20;0.45;0.36
1;8.30;0.44;0.33
1;8.40;0.41;0.29
1;8.50;0.39;0.26
1;8.60;0.36;0.22
1;8.70;0.33;0.20
1;8.80;0.31;0.17
1;8.90;0.27;0.15
1;9.00;0.25;0.12
1;9.10;0.20;0.11
1;9.20;0.17;0.08
1;9.30;0.15;0.07
1;9.40;0.11;0.06
1;9.50;0.10;0.06
1;9.60;0.08;0.06
1;9.70;0.06;0.04
1;9.80;0.05;0.03
1;9.90;0.03;0.02
1;10.00;0.02;0.02
1;10.10;0.00;0.01
1;10.20;0.05;0.01
1;10.30;0.04;0.01
1;10.40;0.04;0.02
1;10.50;0.05;0.01
1;10.60;0.02;0.01
1;10.70;0.02;0.01
1;10.80;0.01;0.01
1;10.90;0.00;0.01
1;11.00;0.00;0.02
1;11.10;0.00;0.02
1;11.20;0.01;0.01
1;11.30;0.01;0.02
1;11.40;0.03;0.02
1;11.50;0.04;0.03
1;11.60;0.05;0.03
1;11.70;0.05;0.03
1;11.80;0.04;0.03
1;11.90;0.04;0.03
1;12.00;0.04;0.03
1;12.10;0.04;0.03
1;12.20;0.04;0.03
1;12.30;0.04;0.03
1;12.40;0.05;0.03
1;12.50;0.04;0.03
1;12.60;0.03;0.03
1;12.70;0.04;0.04
1;12.80;0.05;0.05
1;12.90;0.06;0.04
1;13.00;0.07;0.04
1;13.10;0.08;0.04
1;13.20;0.08;0.05
1;13.30;0.08;0.07
1;13.40;0.10;0.07
1;13.50;0.10;0.06
1;13.60;0.10;0.07
1;13.70;0.10;0.08
1;13.80;0.09;0.08
1;13.90;0.10;0.08
1;14.00;0.10;0.09
1;14.10;0.10;0.11
1;14.20;0.11;0.13
1;14.30;0.13;0.16
1;14.40;0.14;0.17
1;14.50;0.15;0.18
1;14.60;0.17;0.18
1;14.70;0.18;0.20
1;14.80;0.19;0.22
1;14.90;0.20;0.23
1;15.00;0.20;0.24
1;15.10;0.21;0.25
1;15.20;0.23;0.28
1;15.30;0.24;0.29
1;15.40;0.25;0.31
1;15.50;0.27;0.32
1;15.60;0.27;0.32
1;15.70;0.29;0.33
1;15.80;0.29;0.35
1;15.90;0.29;0.36
1;16.00;0.30;0.37
1;16.10;0.32;0.38
1;16.20;0.35;0.41
1;16.30;0.37;0.43
1;16.40;0.38;0.45
1;16.50;0.41;0.47
1;16.60;0.42;0.49
1;16.70;0.43;0.52
1;16.80;0.41;0.54
1;16.90;0.43;0.56
1;17.00;0.42;0.58
1;17.10;0.43;0.61
1;17.20;0.41;0.63
1;17.30;0.43;0.65
1;17.40;0.44;0.68
1;17.50;0.42;0.69
1;17.60;0.43;0.71
1;17.70;0.42;0.72
1;17.80;0.40;0.75
1;17.90;0.39;0.76
1;18.00;0.39;0.77
1;18.10;0.36;0.78
1;18.20;0.37;0.80
1;18.30;0.39;0.81
1;18.40;0.40;0.82
1;18.50;0.39;0.82
1;18.60;0.38;0.83
1;18.70;0.37;0.82
1;18.80;0.37;0.82
1;18.90;0.36;0.83
1;19.00;0.35;0.83
1;19.10;0.34;0.83
1;19.20;0.35;0.83
1;19.30;0.36;0.83
1;19.40;0.38;0.84
1;19.50;0.39;0.84
1;19.60;0.40;0.84
1;19.70;0.42;0.84
1;19.80;0.42;0.84
1;19.90;0.43;0.84
1;20.00;0.44;0.84
1;20.10;0.44;0.84
1;20.20;0.45;0.85
1;20.30;0.46;0.85
1;20.40;0.51;0.85
1;20.50;0.53;0.86
1;20.60;0.55;0.86
1;20.70;0.56;0.86
1;20.80;0.59;0.86
1;20.90;0.60;0.87
1;21.00;0.62;0.89
1;21.10;0.66;0.90
1;21.20;0.69;0.90
1;21.30;0.71;0.91
1;21.40;0.74;0.91
1;21.50;0.74;0.91
1;21.60;0.77;0.92
1;21.70;0.79;0.92
1;21.80;0.81;0.92
1;21.90;0.83;0.92
1;22.00;0.84;0.93
1;22.10;0.84;0.93
1;22.20;0.84;0.93
1;22.30;0.85;0.93
1;22.40;0.86;0.93
1;22.50;0.86;0.93
1;22.60;0.86;0.93
1;22.70;0.82;0.93
1;22.80;0.82;0.93
1;22.90;0.82;0.93
1;23.00;0.82;0.93
1;23.10;0.82;0.93
1;23.20;0.83;0.93
1;23.30;0.83;0.93
1;23.40;0.83;0.93
1;23.50;0.83;0.93
1;23.60;0.83;0.93
1;23.70;0.83;0.93
1;23.80;0.84;0.93
1;23.90;0.84;0.93
2;0.00;0.85;0.93
2;0.10;0.85;0.93
2;0.20;0.85;0.93
2;0.30;0.85;0.93
2;0.40;0.85;0.93
2;0.50;0.85;0.93
2;0.60;0.85;0.93
2;0.70;0.85;0.93
2;0.80;0.85;0.93
2;0.90;0.85;0.93
2;1.00;0.85;0.93
2;1.10;0.85;0.93
2;1.20;0.85;0.93
2;1.30;0.85;0.93
2;1.40;0.85;0.93
2;1.50;0.85;0.93
2;1.60;0.85;0.93
2;1.70;0.85;0.93
2;1.80;0.85;0.93
2;1.90;0.85;0.93
2;2.00;0.85;0.93
2;2.10;0.85;0.93
2;2.20;0.85;0.93
2;2.30;0.85;0.93
2;2.40;0.85;0.93
2;2.50;0.85;0.93
2;2.60;0.85;0.93
2;2.70;0.85;0.93
2;2.80;0.85;0.93
2;2.90;0.85;0.93
2;3.00;0.85;0.93
2;3.10;0.85;0.93
2;3.20;0.85;0.93
2;3.30;0.85;0.93
2;3.40;0.85;0.93
2;3.50;0.85;0.93
2;3.60;0.85;0.94
2;3.70;0.85;0.94
2;3.80;0.85;0.94
2;3.90;0.85;0.94
2;4.00;0.85;0.94
2;4.10;0.85;0.94
2;4.20;0.85;0.94
2;4.30;0.85;0.94
2;4.40;0.85;0.94
2;4.50;0.85;0.93
2;4.60;0.85;0.93
2;4.70;0.85;0.93
2;4.80;0.85;0.93
2;4.90;0.85;0.92
2;5.00;0.85;0.92
2;5.10;0.85;0.92
2;5.20;0.85;0.91
2;5.30;0.85;0.90
2;5.40;0.85;0.90
2;5.50;0.84;0.89
2;5.60;0.83;0.88
2;5.70;0.82;0.86
2;5.80;0.81;0.83
2;5.90;0.80;0.81
2;6.00;0.80;0.79
2;6.10;0.78;0.78
2;6.20;0.77;0.78
2;6.30;0.76;0.77
2;6.40;0.75;0.76
2;6.50;0.74;0.75
2;6.60;0.72;0.74
2;6.70;0.70;0.73
2;6.80;0.68;0.71
2;6.90;0.66;0.70
2;7.00;0.65;0.67
2;7.10;0.64;0.64
2;7.20;0.62;0.61
2;7.30;0.61;0.60
2;7.40;0.60;0.57
2;7.50;0.59;0.54
2;7.60;0.59;0.53
2;7.70;0.56;0.51
2;7.80;0.55;0.48
2;7.90;0.53;0.46
2;8.00;0.52;0.41
2;8.10;0.50;0.38
2;8.20;0.49;0.34
2;8.30;0.46;0.32
2;8.40;0.44;0.29
2;8.50;0.40;0.25
2;8.60;0.38;0.22
2;8.70;0.36;0.19
2;8.80;0.34;0.17
2;8.90;0.29;0.13
2;9.00;0.26;0.10
2;9.10;0.24;0.09
2;9.20;0.22;0.08
2;9.30;0.19;0.08
2;9.40;0.17;0.08
2;9.50;0.16;0.07
2;9.60;0.16;0.06
2;9.70;0.15;0.05
2;9.80;0.13;0.05
2;9.90;0.12;0.03
2;10.00;0.11;0.02
2;10.10;0.10;0.02
2;10.20;0.10;0.01
2;10.30;0.09;0.01
2;10.40;0.07;0.01
2;10.50;0.06;0.02
2;10.60;0.04;0.02
2;10.70;0.03;0.03
2;10.80;0.03;0.03
2;10.90;0.02;0.03
2;11.00;0.02;0.04
2;11.10;0.01;0.04
2;11.20;0.01;0.04
2;11.30;0.01;0.03
2;11.40;0.01;0.03
2;11.50;0.01;0.03
2;11.60;0.01;0.01
2;11.70;0.01;0.02
2;11.80;0.00;0.02
2;11.90;0.02;0.03
2;12.00;0.03;0.03
2;12.10;0.03;0.04
2;12.20;0.05;0.04
2;12.30;0.04;0.04
2;12.40;0.02;0.05
2;12.50;0.01;0.05
2;12.60;0.02;0.04
2;12.70;0.03;0.05
2;12.80;0.03;0.06
2;12.90;0.04;0.05
2;13.00;0.04;0.05
2;13.10;0.02;0.05
2;13.20;0.03;0.05
2;13.30;0.03;0.05
2;13.40;0.04;0.06
2;13.50;0.04;0.06
2;13.60;0.04;0.07
2;13.70;0.05;0.06
2;13.80;0.07;0.06
2;13.90;0.06;0.07
2;14.00;0.07;0.06
2;14.10;0.08;0.07
2;14.20;0.09;0.10
2;14.30;0.10;0.11
2;14.40;0.12;0.11
2;14.50;0.13;0.13
2;14.60;0.16;0.14
2;14.70;0.17;0.16
2;14.80;0.17;0.19
2;14.90;0.18;0.20
2;15.00;0.19;0.21
2;15.10;0.21;0.21
2;15.20;0.21;0.23
2;15.30;0.22;0.25
2;15.40;0.24;0.27
2;15.50;0.26;0.29
2;15.60;0.26;0.30
2;15.70;0.27;0.31
2;15.80;0.27;0.32
2;15.90;0.28;0.33
2;16.00;0.29;0.35
2;16.10;0.32;0.38
2;16.20;0.33;0.40
2;16.30;0.35;0.41
2;16.40;0.37;0.43
2;16.50;0.41;0.45
2;16.60;0.39;0.46
2;16.70;0.39;0.48
2;16.80;0.38;0.50
2;16.90;0.38;0.52
2;17.00;0.39;0.53
2;17.10;0.38;0.54
2;17.20;0.36;0.56
2;17.30;0.38;0.58
2;17.40;0.38;0.60
2;17.50;0.38;0.63
2;17.60;0.36;0.66
2;17.70;0.35;0.68
2;17.80;0.35;0.68
2;17.90;0.33;0.69
2;18.00;0.33;0.69
2;18.10;0.32;0.71
2;18.20;0.33;0.71
2;18.30;0.34;0.72
2;18.40;0.33;0.74
2;18.50;0.33;0.75
2;18.60;0.32;0.76
2;18.70;0.32;0.76
2;18.80;0.32;0.77
2;18.90;0.32;0.77
2;19.00;0.31;0.78
2;19.10;0.32;0.78
2;19.20;0.33;0.79
2;19.30;0.36;0.79
2;19.40;0.38;0.79
2;19.50;0.40;0.80
2;19.60;0.41;0.80
2;19.70;0.43;0.80
2;19.80;0.43;0.80
2;19.90;0.45;0.81
2;20.00;0.46;0.82
2;20.10;0.48;0.82
2;20.20;0.48;0.83
2;20.30;0.50;0.83
2;20.40;0.52;0.83
2;20.50;0.53;0.83
2;20.60;0.54;0.84
2;20.70;0.54;0.84
2;20.80;0.56;0.85
2;20.90;0.57;0.86
2;21.00;0.60;0.86
2;21.10;0.61;0.87
2;21.20;0.63;0.88
2;21.30;0.64;0.89
2;21.40;0.66;0.89
2;21.50;0.67;0.89
2;21.60;0.69;0.90
2;21.70;0.70;0.90
2;21.80;0.73;0.90
2;21.90;0.75;0.90
2;22.00;0.77;0.90
2;22.10;0.78;0.90
2;22.20;0.78;0.90
2;22.30;0.79;0.90
2;22.40;0.79;0.91
2;22.50;0.80;0.91
2;22.60;0.80;0.91
2;22.70;0.81;0.91
2;22.80;0.81;0.91
2;22.90;0.81;0.91
2;23.00;0.81;0.91
2;23.10;0.81;0.91
2;23.20;0.82;0.91
2;23.30;0.82;0.91
2;23.40;0.82;0.91
2;23.50;0.82;0.91
2;23.60;0.84;0.91
2;23.70;0.84;0.91
2;23.80;0.84;0.91
2;23.90;0.84;0.91
3;0.00;0.84;0.91
3;0.10;0.84;0.91
3;0.20;0.84;0.91
3;0.30;0.84;0.91
3;0.40;0.84;0.91
3;0.50;0.84;0.91
3;0.60;0.84;0.92
3;0.70;0.84;0.92
3;0.80;0.84;0.92
3;0.90;0.84;0.92
3;1.00;0.84;0.92
3;1.10;0.84;0.92
3;1.20;0.84;0.92
3;1.30;0.84;0.92
3;1.40;0.84;0.92
3;1.50;0.84;0.92
3;1.60;0.84;0.92
3;1.70;0.84;0.92
3;1.80;0.84;0.92
3;1.90;0.84;0.92
3;2.00;0.84;0.92
3;2.10;0.84;0.92
3;2.20;0.84;0.92
3;2.30;0.84;0.92
3;2.40;0.84;0.92
3;2.50;0.84;0.92
3;2.60;0.84;0.92
3;2.70;0.84;0.92
3;2.80;0.84;0.92
3;2.90;0.84;0.92
3;3.00;0.84;0.92
3;3.10;0.84;0.92
3;3.20;0.84;0.92
3;3.30;0.84;0.92
3;3.40;0.84;0.92
3;3.50;0.84;0.92
3;3.60;0.84;0.92
3;3.70;0.84;0.92
3;3.80;0.84;0.92
3;3.90;0.84;0.92
3;4.00;0.84;0.92
3;4.10;0.84;0.92
3;4.20;0.84;0.92
3;4.30;0.84;0.92
3;4.40;0.84;0.92
3;4.50;0.84;0.92
3;4.60;0.84;0.92
3;4.70;0.84;0.92
3;4.80;0.84;0.91
3;4.90;0.84;0.91
3;5.00;0.84;0.91
3;5.10;0.84;0.90
3;5.20;0.84;0.90
3;5.30;0.83;0.89
3;5.40;0.83;0.89
3;5.50;0.82;0.88
3;5.60;0.81;0.87
3;5.70;0.81;0.85
3;5.80;0.80;0.83
3;5.90;0.79;0.81
3;6.00;0.79;0.80
3;6.10;0.78;0.78
3;6.20;0.78;0.76
3;6.30;0.78;0.75
3;6.40;0.76;0.74
3;6.50;0.75;0.73
3;6.60;0.72;0.72
3;6.70;0.69;0.72
3;6.80;0.67;0.70
3;6.90;0.63;0.69
3;7.00;0.61;0.68
3;7.10;0.58;0.65
3;7.20;0.57;0.63
3;7.30;0.56;0.61
3;7.40;0.55;0.57
3;7.50;0.53;0.55
3;7.60;0.50;0.53
3;7.70;0.48;0.50
3;7.80;0.46;0.47
3;7.90;0.44;0.43
3;8.00;0.41;0.40
3;8.10;0.39;0.37
3;8.20;0.38;0.34
3;8.30;0.36;0.33
3;8.40;0.35;0.30
3;8.50;0.32;0.28
3;8.60;0.27;0.24
3;8.70;0.24;0.20
3;8.80;0.22;0.19
3;8.90;0.19;0.15
3;9.00;0.17;0.12
3;9.10;0.15;0.11
3;9.20;0.12;0.10
3;9.30;0.11;0.09
3;9.40;0.09;0.08
3;9.50;0.07;0.07
3;9.60;0.04;0.06
3;9.70;0.03;0.06
3;9.80;0.01;0.05
3;9.90;0.02;0.04
3;10.00;0.02;0.04
3;10.10;0.02;0.03
3;10.20;0.00;0.03
3;10.30;0.02;0.03
3;10.40;0.02;0.02
3;10.50;0.02;0.01
3;10.60;0.02;0.02
3;10.70;0.03;0.01
3;10.80;0.03;0.02
3;10.90;0.02;0.01
3;11.00;0.03;0.02
3;11.10;0.04;0.02
3;11.20;0.06;0.02
3;11.30;0.07;0.03
3;11.40;0.09;0.03
3;11.50;0.09;0.03
3;11.60;0.09;0.04
3;11.70;0.09;0.04
3;11.80;0.09;0.05
3;11.90;0.08;0.06
3;12.00;0.08;0.07
3;12.10;0.08;0.07
3;12.20;0.09;0.08
3;12.30;0.09;0.05
3;12.40;0.07;0.06
3;12.50;0.08;0.07
3;12.60;0.08;0.07
3;12.70;0.08;0.07
3;12.80;0.08;0.07
3;12.90;0.09;0.07
3;13.00;0.08;0.08
3;13.10;0.09;0.09
3;13.20;0.09;0.10
3;13.30;0.10;0.11
3;13.40;0.10;0.12
3;13.50;0.11;0.12
3;13.60;0.10;0.12
3;13.70;0.11;0.14
3;13.80;0.12;0.14
3;13.90;0.13;0.15
3;14.00;0.14;0.15
3;14.10;0.13;0.16
3;14.20;0.14;0.17
3;14.30;0.15;0.18
3;14.40;0.16;0.20
3;14.50;0.17;0.21
3;14.60;0.17;0.22
3;14.70;0.19;0.23
3;14.80;0.20;0.23
3;14.90;0.19;0.24
3;15.00;0.20;0.24
3;15.10;0.21;0.25
3;15.20;0.23;0.27
3;15.30;0.25;0.28
3;15.40;0.26;0.29
3;15.50;0.28;0.30
3;15.60;0.29;0.31
3;15.70;0.30;0.33
3;15.80;0.30;0.34
3;15.90;0.31;0.36
3;16.00;0.32;0.37
3;16.10;0.33;0.38
3;16.20;0.34;0.41
3;16.30;0.35;0.44
3;16.40;0.35;0.45
3;16.50;0.36;0.48
3;16.60;0.35;0.49
3;16.70;0.35;0.51
3;16.80;0.35;0.54
3;16.90;0.35;0.56
3;17.00;0.35;0.57
3;17.10;0.33;0.59
3;17.20;0.34;0.60
3;17.30;0.35;0.63
3;17.40;0.35;0.66
3;17.50;0.35;0.68
3;17.60;0.35;0.70
3;17.70;0.33;0.71
3;17.80;0.35;0.73
3;17.90;0.36;0.75
3;18.00;0.37;0.76
3;18.10;0.37;0.77
3;18.20;0.36;0.78
3;18.30;0.36;0.79
3;18.40;0.36;0.81
3;18.50;0.37;0.82
3;18.60;0.36;0.83
3;18.70;0.36;0.83
3;18.80;0.36;0.84
3;18.90;0.37;0.85
3;19.00;0.37;0.85
3;19.10;0.37;0.86
3;19.20;0.38;0.86
3;19.30;0.39;0.86
3;19.40;0.41;0.86
3;19.50;0.42;0.86
3;19.60;0.42;0.87
3;19.70;0.44;0.87
3;19.80;0.45;0.88
3;19.90;0.46;0.88
3;20.00;0.48;0.88
3;20.10;0.49;0.88
3;20.20;0.50;0.89
3;20.30;0.51;0.89
3;20.40;0.54;0.89
3;20.50;0.55;0.90
3;20.60;0.57;0.90
3;20.70;0.59;0.90
3;20.80;0.60;0.90
3;20.90;0.63;0.90
3;21.00;0.65;0.91
3;21.10;0.66;0.91
3;21.20;0.67;0.91
3;21.30;0.70;0.91
3;21.40;0.71;0.91
3;21.50;0.73;0.91
3;21.60;0.74;0.92
3;21.70;0.75;0.92
3;21.80;0.77;0.92
3;21.90;0.73;0.92
3;22.00;0.75;0.92
3;22.10;0.75;0.92
3;22.20;0.76;0.92
3;22.30;0.77;0.92
3;22.40;0.78;0.92
3;22.50;0.78;0.92
3;22.60;0.79;0.92
3;22.70;0.80;0.92
3;22.80;0.80;0.93
3;22.90;0.80;0.93
3;23.00;0.80;0.93
3;23.10;0.80;0.93
3;23.20;0.81;0.93
3;23.30;0.81;0.93
3;23.40;0.81;0.93
3;23.50;0.81;0.93
3;23.60;0.81;0.93
3;23.70;0.82;0.93
3;23.80;0.83;0.93
3;23.90;0.83;0.93
4;0.00;0.83;0.93
4;0.10;0.83;0.93
4;0.20;0.83;0.93
4;0.30;0.83;0.93
4;0.40;0.83;0.93
4;0.50;0.83;0.93
4;0.60;0.83;0.93
4;0.70;0.83;0.93
4;0.80;0.83;0.93
4;0.90;0.83;0.93
4;1.00;0.83;0.93
4;1.10;0.83;0.93
4;1.20;0.83;0.93
4;1.30;0.83;0.93
4;1.40;0.83;0.93
4;1.50;0.83;0.93
4;1.60;0.83;0.93
4;1.70;0.83;0.93
4;1.80;0.83;0.93
4;1.90;0.83;0.93
4;2.00;0.83;0.93
4;2.10;0.83;0.93
4;2.20;0.83;0.93
4;2.30;0.83;0.93
4;2.40;0.83;0.93
4;2.50;0.83;0.93
4;2.60;0.83;0.93
4;2.70;0.83;0.93
4;2.80;0.83;0.93
4;2.90;0.83;0.93
4;3.00;0.83;0.93
4;3.10;0.83;0.93
4;3.20;0.83;0.93
4;3.30;0.83;0.93
4;3.40;0.83;0.93
4;3.50;0.83;0.93
4;3.60;0.83;0.93
4;3.70;0.83;0.93
4;3.80;0.83;0.93
4;3.90;0.83;0.93
4;4.00;0.83;0.93
4;4.10;0.83;0.93
4;4.20;0.83;0.93
4;4.30;0.83;0.93
4;4.40;0.84;0.93
4;4.50;0.84;0.93
4;4.60;0.84;0.93
4;4.70;0.84;0.92
4;4.80;0.84;0.92
4;4.90;0.84;0.92
4;5.00;0.84;0.91
4;5.10;0.83;0.91
4;5.20;0.83;0.89
4;5.30;0.83;0.89
4;5.40;0.82;0.89
4;5.50;0.81;0.88
4;5.60;0.80;0.86
4;5.70;0.80;0.84
4;5.80;0.79;0.82
4;5.90;0.78;0.81
4;6.00;0.78;0.79
4;6.10;0.77;0.78
4;6.20;0.76;0.77
4;6.30;0.75;0.76
4;6.40;0.74;0.74
4;6.50;0.71;0.73
4;6.60;0.70;0.73
4;6.70;0.68;0.72
4;6.80;0.66;0.71
4;6.90;0.62;0.69
4;7.00;0.60;0.69
4;7.10;0.59;0.68
4;7.20;0.58;0.65
4;7.30;0.56;0.61
4;7.40;0.56;0.59
4;7.50;0.56;0.59
4;7.60;0.54;0.56
4;7.70;0.52;0.51
4;7.80;0.51;0.49
4;7.90;0.50;0.48
4;8.00;0.49;0.46
4;8.10;0.49;0.46
4;8.20;0.49;0.46
4;8.30;0.49;0.46
4;8.40;0.49;0.46
4;8.50;0.49;0.46
4;8.60;0.36;0.28
4;8.70;0.34;0.25
4;8.80;0.31;0.22
4;8.90;0.28;0.19
4;9.00;0.26;0.17
4;9.10;0.23;0.16
4;9.20;0.22;0.16
4;9.30;0.18;0.16
4;9.40;0.15;0.16
4;9.50;0.14;0.15
4;9.60;0.13;0.15
4;9.70;0.11;0.14
4;9.80;0.10;0.14
4;9.90;0.09;0.13
4;10.00;0.08;0.13
4;10.10;0.07;0.12
4;10.20;0.05;0.11
4;10.30;0.04;0.11
4;10.40;0.03;0.11
4;10.50;0.04;0.10
4;10.60;0.03;0.09
4;10.70;0.02;0.10
4;10.80;0.02;0.09
4;10.90;0.02;0.09
4;11.00;0.05;0.09
4;11.10;0.05;0.09
4;11.20;0.05;0.10
4;11.30;0.06;0.11
4;11.40;0.05;0.10
4;11.50;0.05;0.10
4;11.60;0.05;0.10
4;11.70;0.04;0.10
4;11.80;0.03;0.11
4;11.90;0.03;0.12
4;12.00;0.04;0.13
4;12.10;0.03;0.13
4;12.20;0.02;0.13
4;12.30;0.02;0.13
4;12.40;0.01;0.12
4;12.50;0.01;0.13
4;12.60;0.03;0.12
4;12.70;0.04;0.13
4;12.80;0.04;0.12
4;12.90;0.04;0.12
4;13.00;0.05;0.12
4;13.10;0.05;0.13
4;13.20;0.07;0.14
4;13.30;0.09;0.15
4;13.40;0.10;0.16
4;13.50;0.09;0.16
4;13.60;0.08;0.16
4;13.70;0.08;0.16
4;13.80;0.09;0.17
4;13.90;0.10;0.19
4;14.00;0.11;0.21
4;14.10;0.12;0.21
4;14.20;0.14;0.22
4;14.30;0.17;0.24
4;14.40;0.19;0.25
4;14.50;0.19;0.26
4;14.60;0.20;0.28
4;14.70;0.21;0.29
4;14.80;0.23;0.31
4;14.90;0.24;0.32
4;15.00;0.24;0.34
4;15.10;0.26;0.35
4;15.20;0.30;0.36
4;15.30;0.32;0.38
4;15.40;0.33;0.40
4;15.50;0.35;0.41
4;15.60;0.36;0.41
4;15.70;0.38;0.42
4;15.80;0.38;0.44
4;15.90;0.38;0.45
4;16.00;0.40;0.45
4;16.10;0.41;0.47
4;16.20;0.42;0.49
4;16.30;0.44;0.51
4;16.40;0.45;0.54
4;16.50;0.45;0.56
4;16.60;0.40;0.56
4;16.70;0.38;0.58
4;16.80;0.38;0.60
4;16.90;0.41;0.62
4;17.00;0.40;0.64
4;17.10;0.38;0.66
4;17.20;0.35;0.68
4;17.30;0.34;0.70
4;17.40;0.33;0.72
4;17.50;0.32;0.74
4;17.60;0.32;0.76
4;17.70;0.31;0.77
4;17.80;0.32;0.77
4;17.90;0.29;0.80
4;18.00;0.29;0.80
4;18.10;0.29;0.81
4;18.20;0.27;0.80
4;18.30;0.27;0.81
4;18.40;0.26;0.81
4;18.50;0.23;0.81
4;18.60;0.22;0.81
4;18.70;0.19;0.81
4;18.80;0.20;0.81
4;18.90;0.18;0.81
4;19.00;0.17;0.81
4;19.10;0.17;0.81
4;19.20;0.18;0.81
4;19.30;0.18;0.82
4;19.40;0.19;0.82
4;19.50;0.19;0.82
4;19.60;0.19;0.83
4;19.70;0.19;0.83
4;19.80;0.19;0.83
4;19.90;0.20;0.83
4;20.00;0.20;0.83
4;20.10;0.19;0.83
4;20.30;0.24;0.83
4;20.40;0.24;0.83
4;20.50;0.25;0.83
4;20.60;0.25;0.84
4;20.70;0.27;0.84
4;20.80;0.29;0.84
4;20.90;0.32;0.84
4;21.00;0.35;0.84
4;21.10;0.39;0.84
4;21.20;0.44;0.84
4;21.30;0.46;0.85
4;21.40;0.49;0.85
4;21.50;0.50;0.85
4;21.60;0.51;0.86
4;21.70;0.54;0.86
4;21.80;0.57;0.86
4;21.90;0.58;0.87
4;22.00;0.59;0.87
4;22.10;0.60;0.88
4;22.20;0.61;0.88
4;22.30;0.64;0.88
4;22.40;0.64;0.88
4;22.50;0.67;0.88
4;22.60;0.68;0.88
4;22.70;0.71;0.88
4;22.80;0.70;0.88
4;22.90;0.71;0.88
4;23.00;0.72;0.89
4;23.10;0.73;0.89
4;23.20;0.75;0.89
4;23.30;0.76;0.89
4;23.40;0.77;0.90
4;23.50;0.77;0.90
4;23.60;0.78;0.90
4;23.70;0.78;0.90
4;23.80;0.78;0.90
4;23.90;0.79;0.90
5;0.00;0.79;0.91
5;0.10;0.80;0.91
5;0.20;0.80;0.91
5;0.30;0.80;0.91
5;0.40;0.80;0.91
5;0.50;0.80;0.91
5;0.60;0.81;0.91
5;0.70;0.81;0.91
5;0.80;0.81;0.91
5;0.90;0.81;0.91
5;1.00;0.81;0.91
5;1.10;0.81;0.91
5;1.20;0.81;0.91
5;1.30;0.82;0.91
5;1.40;0.82;0.91
5;1.50;0.82;0.91
5;1.60;0.82;0.91
5;1.70;0.82;0.91
5;1.80;0.82;0.91
5;1.90;0.82;0.91
5;2.00;0.82;0.91
5;2.10;0.82;0.91
5;2.20;0.82;0.91
5;2.30;0.83;0.91
5;2.40;0.83;0.91
5;2.50;0.83;0.91
5;2.60;0.83;0.91
5;2.70;0.83;0.91
5;2.80;0.83;0.91
5;2.90;0.83;0.91
5;3.00;0.83;0.91
5;3.10;0.83;0.91
5;3.20;0.83;0.91
5;3.30;0.83;0.91
5;3.40;0.83;0.91
5;3.50;0.83;0.91
5;3.60;0.83;0.92
5;3.70;0.83;0.92
5;3.80;0.83;0.92
5;3.90;0.83;0.92
5;4.00;0.83;0.92
5;4.10;0.83;0.92
5;4.20;0.83;0.92
5;4.30;0.83;0.92
5;4.40;0.83;0.92
5;4.50;0.83;0.92
5;4.60;0.83;0.92
5;4.70;0.83;0.92
5;4.80;0.83;0.92
5;4.90;0.83;0.91
5;5.00;0.83;0.91
5;5.10;0.82;0.91
5;5.20;0.82;0.91
5;5.30;0.81;0.91
5;5.40;0.80;0.91
5;5.50;0.79;0.91
5;5.60;0.79;0.91
5;5.70;0.79;0.90
5;5.80;0.78;0.89
5;5.90;0.76;0.88
5;6.00;0.75;0.87
5;6.10;0.75;0.87
5;6.20;0.75;0.87
5;6.30;0.74;0.86
5;6.40;0.73;0.86
5;6.50;0.72;0.85
5;6.60;0.71;0.85
5;6.70;0.71;0.85
5;6.80;0.70;0.84
5;6.90;0.68;0.84
5;7.00;0.67;0.84
5;7.10;0.65;0.84
5;7.20;0.63;0.84
5;7.30;0.61;0.84
5;7.40;0.58;0.83
5;7.50;0.59;0.83
5;7.60;0.56;0.83
5;7.70;0.55;0.82
5;7.80;0.49;0.82
5;7.90;0.47;0.81
5;8.00;0.45;0.81
5;8.10;0.43;0.81
5;8.20;0.40;0.81
5;8.30;0.37;0.81
5;8.40;0.34;0.80
5;8.50;0.29;0.79
5;8.60;0.25;0.79
5;8.70;0.16;0.79
5;8.80;0.13;0.78
5;8.90;0.08;0.78
5;9.00;0.04;0.78
5;9.10;0.03;0.77
5;9.20;0.00;0.77
5;9.30;0.00;0.76
5;9.40;0.00;0.76
5;9.50;0.00;0.75
5;9.60;0.00;0.74
5;9.70;0.00;0.74
5;9.80;0.00;0.73
5;9.90;0.00;0.72
5;10.00;0.00;0.71
5;10.10;0.00;0.70
5;10.20;0.00;0.70
5;10.30;0.00;0.69
5;10.40;0.00;0.68
5;10.50;0.00;0.68
5;10.60;0.00;0.68
5;10.70;0.00;0.68
5;10.80;0.00;0.67
5;10.90;0.00;0.67
5;11.00;0.00;0.67
5;11.10;0.00;0.66
5;11.20;0.00;0.66
5;11.30;0.00;0.65
5;11.40;0.00;0.65
5;11.50;0.00;0.64
5;11.60;0.00;0.64
5;11.70;0.00;0.64
5;11.80;0.00;0.64
5;11.90;0.00;0.63
5;12.00;0.00;0.62
5;12.10;0.00;0.62
5;12.20;0.00;0.62
5;12.30;0.00;0.62
5;12.40;0.00;0.63
5;12.50;0.00;0.64
5;12.60;0.00;0.63
5;12.70;0.00;0.64
5;12.80;0.00;0.64
5;12.90;0.00;0.63
5;13.00;0.00;0.64
5;13.10;0.02;0.64
5;13.20;0.03;0.64
5;13.30;0.02;0.64
5;13.40;0.02;0.64
5;13.50;0.01;0.65
5;13.60;0.02;0.65
5;13.70;0.06;0.66
5;13.80;0.05;0.67
5;13.90;0.07;0.67
5;14.00;0.08;0.67
5;14.10;0.07;0.67
5;14.20;0.08;0.68
5;14.30;0.08;0.68
5;14.40;0.06;0.68
5;14.50;0.04;0.69
5;14.60;0.05;0.69
5;14.70;0.03;0.69
5;14.80;0.03;0.71
5;14.90;0.03;0.71
5;15.00;0.02;0.72
5;15.10;0.02;0.72
5;15.20;0.02;0.73
5;15.30;0.04;0.73
5;15.40;0.03;0.74
5;15.50;0.04;0.74
5;15.60;0.05;0.74
5;15.70;0.05;0.74
5;15.80;0.06;0.74
5;15.90;0.06;0.76
5;16.00;0.08;0.77
5;16.10;0.06;0.77
5;16.20;0.08;0.78
5;16.30;0.08;0.78
5;16.40;0.10;0.78
5;16.50;0.11;0.79
5;16.60;0.14;0.79
5;16.70;0.15;0.79
5;16.80;0.15;0.79
5;16.90;0.17;0.79
5;17.00;0.19;0.80
5;17.10;0.21;0.80
5;17.20;0.22;0.80
5;17.30;0.23;0.81
5;17.40;0.26;0.81
5;17.50;0.28;0.81
5;17.60;0.30;0.81
5;17.70;0.33;0.81
5;17.80;0.35;0.81
5;17.90;0.35;0.82
5;18.00;0.36;0.81
5;18.10;0.39;0.81
5;18.20;0.39;0.81
5;18.30;0.40;0.81
5;18.40;0.39;0.81
5;18.50;0.38;0.81
5;18.60;0.38;0.80
5;18.70;0.36;0.80
5;18.80;0.36;0.80
5;18.90;0.34;0.80
5;19.00;0.33;0.80
5;19.10;0.33;0.80
5;19.20;0.34;0.80
5;19.30;0.33;0.80
5;19.40;0.34;0.80
5;19.50;0.33;0.80
5;19.60;0.33;0.81
5;19.70;0.33;0.80
5;19.80;0.33;0.80
5;19.90;0.33;0.81
5;20.00;0.33;0.81
5;20.10;0.33;0.81
5;20.20;0.33;0.81
5;20.30;0.33;0.81
5;20.40;0.33;0.81
5;20.50;0.33;0.81
5;20.60;0.34;0.81
5;20.70;0.34;0.81
5;20.80;0.34;0.81
5;20.90;0.35;0.81
5;21.00;0.36;0.82
5;21.10;0.38;0.82
5;21.20;0.40;0.82
5;21.30;0.41;0.82
5;21.40;0.41;0.82
5;21.50;0.43;0.82
5;21.60;0.44;0.82
5;21.70;0.46;0.83
5;21.80;0.47;0.83
5;21.90;0.49;0.83
5;22.00;0.49;0.83
5;22.10;0.51;0.84
5;22.20;0.54;0.84
5;22.30;0.56;0.84
5;22.40;0.58;0.84
5;22.50;0.58;0.84
5;22.60;0.59;0.84
5;22.70;0.60;0.84
5;22.80;0.61;0.90
5;22.90;0.62;0.90
5;23.00;0.63;0.90
5;23.10;0.63;0.90
5;23.20;0.64;0.91
5;23.30;0.65;0.91
5;23.40;0.66;0.91
5;23.50;0.67;0.91
5;23.60;0.68;0.92
5;23.70;0.69;0.92
5;23.80;0.70;0.92
5;23.90;0.71;0.92
6;0.00;0.71;0.92
6;0.10;0.72;0.92
6;0.20;0.72;0.92
6;0.30;0.72;0.92
6;0.40;0.73;0.93
6;0.50;0.73;0.93
6;0.60;0.73;0.93
6;0.70;0.73;0.93
6;0.80;0.73;0.93
6;0.90;0.73;0.93
6;1.00;0.73;0.93
6;1.10;0.74;0.93
6;1.20;0.74;0.94
6;1.30;0.74;0.94
6;1.40;0.74;0.94
6;1.50;0.74;0.94
6;1.60;0.74;0.94
6;1.70;0.74;0.94
6;1.80;0.75;0.94
6;1.90;0.75;0.94
6;2.00;0.75;0.94
6;2.10;0.75;0.94
6;2.20;0.75;0.94
6;2.30;0.75;0.94
6;2.40;0.76;0.94
6;2.50;0.76;0.94
6;2.60;0.76;0.94
6;2.70;0.76;0.94
6;2.80;0.76;0.94
6;2.90;0.76;0.94
6;3.00;0.76;0.94
6;3.10;0.76;0.94
6;3.20;0.76;0.94
6;3.30;0.76;0.94
6;3.40;0.76;0.94
6;3.50;0.76;0.94
6;3.60;0.76;0.94
6;3.70;0.76;0.94
6;3.80;0.76;0.94
6;3.90;0.76;0.94
6;4.00;0.76;0.94
6;4.10;0.76;0.94
6;4.20;0.76;0.94
6;4.30;0.76;0.94
6;4.40;0.76;0.94
6;4.50;0.76;0.94
6;4.60;0.76;0.94
6;4.70;0.76;0.94
6;4.80;0.76;0.94
6;4.90;0.76;0.94
6;5.00;0.76;0.94
6;5.10;0.76;0.94
6;5.20;0.76;0.94
6;5.30;0.76;0.94
6;5.40;0.76;0.94
6;5.50;0.76;0.94
6;5.60;0.76;0.93
6;5.70;0.75;0.93
6;5.80;0.74;0.93
6;5.90;0.74;0.93
6;6.00;0.74;0.93
6;6.10;0.74;0.93
6;6.20;0.74;0.93
6;6.30;0.74;0.93
6;6.40;0.74;0.93
6;6.50;0.73;0.93
6;6.60;0.73;0.93
6;6.70;0.72;0.93
6;6.80;0.72;0.93
6;6.90;0.71;0.93
6;7.00;0.71;0.93
6;7.10;0.70;0.93
6;7.20;0.69;0.93
6;7.30;0.68;0.93
6;7.40;0.67;0.93
6;7.50;0.66;0.93
6;7.60;0.65;0.93
6;7.70;0.64;0.93
6;7.80;0.63;0.92
6;7.90;0.65;0.92
6;8.00;0.64;0.92
6;8.10;0.63;0.92
6;8.20;0.60;0.92
6;8.30;0.59;0.92
6;8.40;0.55;0.92
6;8.50;0.53;0.92
6;8.60;0.50;0.92
6;8.70;0.48;0.92
6;8.80;0.46;0.91
6;8.90;0.44;0.91
6;9.00;0.42;0.91
6;9.10;0.38;0.91
6;9.20;0.34;0.91
6;9.30;0.29;0.91
6;9.40;0.22;0.90
6;9.50;0.16;0.90
6;9.60;0.10;0.89
6;9.70;0.07;0.89
6;9.80;0.02;0.88
6;9.90;0.00;0.87
6;10.00;0.00;0.87
6;10.10;0.00;0.84
6;10.20;0.00;0.84
6;10.30;0.00;0.84
6;10.40;0.00;0.83
6;10.50;0.00;0.82
6;10.60;0.00;0.82
6;10.70;0.00;0.81
6;10.80;0.00;0.81
6;10.90;0.00;0.81
6;11.00;0.00;0.80
6;11.10;0.00;0.80
6;11.20;0.00;0.79
6;11.30;0.00;0.79
6;11.40;0.00;0.79
6;11.50;0.00;0.79
6;11.60;0.00;0.78
6;11.70;0.00;0.78
6;11.80;0.00;0.77
6;11.90;0.00;0.76
6;12.00;0.00;0.76
6;12.10;0.00;0.75
6;12.20;0.01;0.74
6;12.30;0.03;0.74
6;12.40;0.06;0.73
6;12.50;0.07;0.73
6;12.60;0.10;0.73
6;12.70;0.13;0.74
6;12.80;0.13;0.74
6;12.90;0.13;0.74
6;13.00;0.10;0.75
6;13.10;0.09;0.75
6;13.20;0.08;0.75
6;13.30;0.06;0.76
6;13.40;0.04;0.76
6;13.50;0.03;0.76
6;13.60;0.01;0.76
6;13.70;0.00;0.75
6;13.80;0.01;0.76
6;13.90;0.02;0.76
6;14.00;0.03;0.76
6;14.10;0.03;0.76
6;14.20;0.05;0.77
6;14.30;0.05;0.77
6;14.40;0.05;0.77
6;14.50;0.04;0.78
6;14.60;0.05;0.78
6;14.70;0.06;0.79
6;14.80;0.05;0.80
6;14.90;0.05;0.80
6;15.00;0.08;0.81
6;15.10;0.09;0.81
6;15.20;0.10;0.82
6;15.30;0.11;0.83
6;15.40;0.11;0.84
6;15.50;0.13;0.85
6;15.60;0.14;0.85
6;15.70;0.16;0.86
6;15.80;0.18;0.86
6;15.90;0.18;0.86
6;16.00;0.20;0.86
6;16.10;0.21;0.86
6;16.20;0.22;0.87
6;16.30;0.24;0.87
6;16.40;0.20;0.88
6;16.50;0.23;0.88
6;16.60;0.26;0.88
6;16.70;0.28;0.89
6;16.80;0.30;0.89
6;16.90;0.33;0.89
6;17.00;0.34;0.90
6;17.10;0.36;0.90
6;17.20;0.39;0.91
6;17.30;0.41;0.91
6;17.40;0.44;0.92
6;17.50;0.46;0.93
6;17.60;0.46;0.93
6;17.70;0.48;0.93
6;17.80;0.50;0.93
6;17.90;0.50;0.93
6;18.00;0.51;0.93
6;18.10;0.52;0.93
6;18.20;0.56;0.93
6;18.30;0.59;0.93
6;18.40;0.60;0.94
6;18.50;0.62;0.94
6;18.60;0.63;0.94
6;18.70;0.64;0.92
6;18.80;0.64;0.92
6;18.90;0.64;0.92
6;19.00;0.64;0.92
6;19.10;0.65;0.92
6;19.20;0.66;0.92
6;19.30;0.66;0.92
6;19.40;0.67;0.92
6;19.50;0.67;0.92
6;19.60;0.67;0.92
6;19.70;0.68;0.92
6;19.80;0.68;0.92
6;19.90;0.68;0.92
6;20.00;0.69;0.92
6;20.10;0.69;0.92
6;20.20;0.69;0.92
6;20.30;0.70;0.92
6;20.40;0.70;0.92
6;20.50;0.71;0.92
6;20.60;0.71;0.92
6;20.73;0.74;0.92
6;20.80;0.75;0.92
6;20.90;0.75;0.92
6;21.00;0.76;0.92
6;21.10;0.77;0.92
6;21.20;0.78;0.93
6;21.30;0.79;0.93
6;21.40;0.80;0.93
6;21.50;0.80;0.93
6;21.60;0.80;0.93
6;21.70;0.80;0.93
6;21.80;0.81;0.93
6;21.90;0.81;0.93
6;22.00;0.82;0.93
6;22.10;0.82;0.93
6;22.20;0.83;0.93
6;22.30;0.84;0.93
6;22.40;0.85;0.93
6;22.50;0.85;0.93
6;22.60;0.85;0.93
6;22.70;0.86;0.93
6;22.80;0.86;0.93
6;22.90;0.86;0.93
6;23.00;0.86;0.93
6;23.10;0.86;0.93
6;23.20;0.87;0.93
6;23.30;0.87;0.93
6;23.40;0.87;0.93
6;23.50;0.87;0.93
6;23.60;0.87;0.93
6;23.80;0.87;0.93
6;23.90;0.87;0.93
0;0.00;0.87;0.93
0;0.10;0.87;0.93
0;0.20;0.87;0.93
0;0.30;0.87;0.93
0;0.40;0.87;0.93
0;0.50;0.87;0.93
0;0.60;0.87;0.93
0;0.70;0.87;0.93
0;0.80;0.87;0.93
0;0.90;0.87;0.93
0;1.00;0.87;0.93
0;1.10;0.87;0.93
0;1.20;0.87;0.93
0;1.30;0.87;0.93
0;1.40;0.87;0.93
0;1.50;0.87;0.93
0;1.60;0.87;0.93
0;1.70;0.87;0.93
0;1.80;0.87;0.93
0;1.90;0.87;0.93
0;2.00;0.87;0.93
0;2.10;0.87;0.93
0;2.20;0.87;0.93
0;2.30;0.87;0.93
0;2.40;0.87;0.93
0;2.50;0.87;0.93
0;2.60;0.87;0.93
0;2.70;0.87;0.93
0;2.80;0.87;0.93
0;2.90;0.87;0.93
0;3.00;0.87;0.93
0;3.10;0.87;0.93
0;3.20;0.87;0.93
0;3.30;0.87;0.93
0;3.40;0.87;0.93
0;3.50;0.87;0.93
0;3.60;0.87;0.93
0;3.70;0.87;0.93
0;3.80;0.87;0.93
0;3.90;0.87;0.93
0;4.00;0.87;0.93
0;4.10;0.87;0.93
0;4.20;0.87;0.93
0;4.30;0.87;0.93
0;4.40;0.87;0.93
0;4.50;0.87;0.93
0;4.60;0.87;0.93
0;4.70;0.87;0.93
0;4.80;0.87;0.92
0;4.90;0.87;0.92
0;5.00;0.87;0.91
0;5.10;0.87;0.91
0;5.20;0.86;0.91
0;5.30;0.86;0.90
0;5.40;0.85;0.90
0;5.50;0.85;0.89
0;5.60;0.83;0.88
0;5.70;0.83;0.87
0;5.80;0.83;0.85
0;5.90;0.82;0.83
0;6.00;0.81;0.81
0;6.10;0.80;0.80
0;6.20;0.79;0.79
0;6.30;0.78;0.77
0;6.40;0.77;0.76
0;6.50;0.76;0.76
0;6.60;0.75;0.74
0;6.70;0.73;0.74
0;6.80;0.70;0.73
0;6.90;0.68;0.72
0;7.00;0.66;0.71
0;7.10;0.66;0.68
0;7.20;0.65;0.67
0;7.30;0.64;0.64
0;7.40;0.63;0.61
0;7.50;0.63;0.59
0;7.60;0.61;0.56
0;7.70;0.60;0.54
0;7.80;0.59;0.53
0;7.90;0.58;0.50
0;8.00;0.57;0.46
0;8.10;0.55;0.44
0;8.20;0.53;0.41
0;8.30;0.51;0.39
0;8.40;0.49;0.36
0;8.50;0.47;0.33
0;8.60;0.46;0.30
0;8.70;0.43;0.27
0;8.80;0.41;0.23
0;8.90;0.38;0.21
0;9.00;0.35;0.19
0;9.10;0.34;0.17
0;9.20;0.30;0.16
0;9.30;0.29;0.16
0;9.40;0.26;0.14
0;9.50;0.24;0.14
0;9.60;0.23;0.12
0;9.70;0.20;0.11
0;9.80;0.18;0.11
0;9.90;0.16;0.10
0;10.00;0.14;0.10
0;10.10;0.14;0.10
0;10.20;0.15;0.09
0;10.30;0.14;0.09
0;10.40;0.13;0.10
0;10.50;0.12;0.10
0;10.60;0.12;0.11
0;10.70;0.13;0.11
0;10.80;0.11;0.10
0;10.90;0.11;0.10
0;11.00;0.11;0.10
0;11.10;0.10;0.10
0;11.20;0.09;0.11
0;11.30;0.09;0.11
0;11.40;0.09;0.11
0;11.50;0.08;0.11
0;11.60;0.09;0.11
0;11.70;0.10;0.10
0;11.80;0.11;0.11
0;11.90;0.11;0.11
0;12.00;0.12;0.11
0;12.10;0.12;0.11
0;12.20;0.12;0.11
0;12.30;0.12;0.10
0;12.40;0.12;0.11
0;12.50;0.13;0.11
0;12.60;0.13;0.11
0;12.70;0.13;0.11
0;12.80;0.13;0.11
0;12.90;0.13;0.11
0;13.00;0.12;0.10
0;13.10;0.13;0.11
0;13.20;0.14;0.12
0;13.30;0.15;0.13
0;13.40;0.15;0.13
0;13.50;0.15;0.13
0;13.60;0.16;0.13
0;13.70;0.17;0.14
0;13.80;0.18;0.14
0;13.90;0.18;0.16
0;14.00;0.20;0.16
0;14.10;0.20;0.17
0;14.20;0.21;0.18
0;14.30;0.22;0.21
0;14.40;0.22;0.23
0;14.50;0.24;0.24
0;14.60;0.24;0.25
0;14.70;0.26;0.29
0;14.80;0.29;0.30
0;14.90;0.30;0.31
0;15.00;0.31;0.32
0;15.10;0.31;0.32
0;15.20;0.31;0.33
0;15.30;0.32;0.34
0;15.40;0.33;0.35
0;15.50;0.33;0.35
0;15.60;0.34;0.36
0;15.70;0.36;0.37
0;15.80;0.35;0.37
0;15.90;0.36;0.38
0;16.00;0.38;0.40
0;16.10;0.39;0.41
0;16.20;0.42;0.42
0;16.30;0.44;0.45
0;16.40;0.46;0.47
0;16.50;0.46;0.49
0;16.60;0.45;0.51
0;16.70;0.44;0.54
0;16.80;0.46;0.56
0;16.90;0.46;0.58
0;17.00;0.46;0.59
0;17.10;0.46;0.61
0;17.20;0.47;0.63
0;17.30;0.49;0.67
0;17.40;0.49;0.71
0;17.50;0.50;0.74
0;17.60;0.50;0.76
0;17.70;0.47;0.78
0;17.80;0.46;0.81
0;17.90;0.45;0.82
0;18.00;0.43;0.84
0;18.10;0.41;0.84
0;18.20;0.38;0.86
0;18.30;0.38;0.87
0;18.40;0.37;0.87
0;18.50;0.36;0.88
0;18.60;0.34;0.88
0;18.70;0.33;0.88
0;18.80;0.31;0.89
0;18.90;0.28;0.89
0;19.00;0.25;0.89
0;19.10;0.24;0.90
0;19.20;0.20;0.90
0;19.30;0.18;0.90
0;19.40;0.14;0.90
0;19.50;0.11;0.90
0;19.60;0.09;0.89
0;19.70;0.07;0.89
0;19.80;0.06;0.90
0;19.90;0.04;0.90
0;20.00;0.03;0.90
0;20.10;0.03;0.89
0;20.20;0.03;0.89
0;20.30;0.03;0.90
0;20.40;0.05;0.90
0;20.50;0.07;0.90
0;20.60;0.07;0.90
0;20.70;0.08;0.90
0;20.80;0.08;0.90
0;20.90;0.09;0.90
0;21.00;0.11;0.90
0;21.10;0.12;0.90
0;21.20;0.14;0.91
0;21.30;0.15;0.91
0;21.40;0.16;0.91
0;21.50;0.19;0.91
0;21.60;0.20;0.91
0;21.70;0.24;0.91
0;21.80;0.33;0.91
0;21.90;0.41;0.91
0;22.00;0.53;0.91
0;22.10;0.63;0.91
0;22.20;0.70;0.92
0;22.30;0.74;0.92
0;22.40;0.76;0.92
0;22.50;0.78;0.92
0;22.60;0.79;0.92
0;22.70;0.81;0.92
0;22.80;0.81;0.92
0;22.90;0.82;0.92
0;23.00;0.83;0.92
0;23.10;0.83;0.92
0;23.20;0.84;0.92
0;23.30;0.84;0.92
0;23.40;0.84;0.92
0;23.50;0.84;0.92
0;23.60;0.85;0.92
0;23.70;0.85;0.92
0;23.80;0.85;0.92
0;23.90;0.85;0.92
1;0.00;0.85;0.92
1;0.20;0.86;0.92
1;0.30;0.86;0.92
1;0.40;0.86;0.92
1;0.50;0.86;0.92
1;0.60;0.86;0.92
1;0.70;0.86;0.92
1;0.80;0.86;0.92
1;0.90;0.86;0.92
1;1.00;0.86;0.92
1;1.10;0.86;0.92
1;1.20;0.86;0.92
1;1.30;0.86;0.92
1;1.40;0.86;0.92
1;1.50;0.86;0.92
1;1.60;0.86;0.92
1;1.70;0.86;0.93
1;1.80;0.86;0.93
1;1.90;0.86;0.93
1;2.00;0.86;0.93
1;2.10;0.86;0.93
1;2.20;0.86;0.93
1;2.30;0.86;0.93
1;2.40;0.86;0.93
1;2.50;0.86;0.93
1;2.60;0.86;0.93
1;2.70;0.86;0.93
1;2.80;0.86;0.93
1;2.90;0.86;0.93
1;3.00;0.86;0.93
1;3.10;0.86;0.93
1;3.20;0.86;0.93
1;3.30;0.86;0.93
1;3.40;0.86;0.93
1;3.50;0.86;0.93
1;3.60;0.86;0.93
1;3.70;0.86;0.93
1;3.80;0.86;0.93
1;3.90;0.86;0.93
1;4.00;0.86;0.93
1;4.10;0.86;0.93
1;4.20;0.86;0.93
1;4.30;0.86;0.93
1;4.40;0.86;0.93
1;4.50;0.86;0.93
1;4.60;0.86;0.93
1;4.70;0.86;0.93
1;4.80;0.86;0.92
1;4.90;0.86;0.92
1;5.00;0.86;0.92
1;5.10;0.86;0.91
1;5.20;0.85;0.90
1;5.30;0.85;0.90
1;5.40;0.85;0.89
1;5.50;0.85;0.89
1;5.60;0.83;0.88
1;5.70;0.81;0.87
1;5.80;0.81;0.84
1;5.90;0.80;0.82
1;6.00;0.79;0.81
1;6.10;0.78;0.80
1;6.20;0.75;0.79
1;6.30;0.74;0.79
1;6.40;0.74;0.77
1;6.50;0.73;0.76
1;6.60;0.70;0.74
1;6.70;0.69;0.73
1;6.80;0.67;0.72
1;6.90;0.64;0.70
1;7.00;0.63;0.69
1;7.10;0.62;0.68
1;7.20;0.61;0.65
1;7.30;0.61;0.62
1;7.40;0.59;0.59
1;7.50;0.58;0.56
1;7.60;0.57;0.54
1;7.70;0.56;0.52
1;7.80;0.55;0.49
1;7.90;0.52;0.46
1;8.00;0.52;0.44
1;8.10;0.49;0.41
1;8.20;0.47;0.39
1;8.30;0.44;0.35
1;8.40;0.42;0.33
1;8.50;0.41;0.29
1;8.60;0.39;0.27
1;8.70;0.36;0.24
1;8.80;0.34;0.21
1;8.90;0.30;0.17
1;9.00;0.26;0.15
1;9.10;0.24;0.12
1;9.20;0.22;0.11
1;9.30;0.17;0.09
1;9.40;0.16;0.09
1;9.50;0.15;0.08
1;9.60;0.13;0.06
1;9.70;0.11;0.06
1;9.80;0.10;0.06
1;9.90;0.08;0.05
1;10.00;0.06;0.05
1;10.10;0.05;0.06
1;10.20;0.04;0.06
1;10.30;0.02;0.06
1;10.40;0.02;0.04
1;10.50;0.03;0.04
1;10.60;0.01;0.04
1;10.70;0.01;0.06
1;10.80;0.01;0.05
1;10.90;0.01;0.04
1;11.00;0.01;0.04
1;11.10;0.00;0.03
1;11.20;0.04;0.04
1;11.30;0.03;0.04
1;11.40;0.03;0.03
1;11.50;0.03;0.04
1;11.60;0.02;0.03
1;11.70;0.03;0.03
1;11.80;0.03;0.03
1;11.90;0.02;0.03
1;12.00;0.02;0.04
1;12.10;0.02;0.04
1;12.20;0.03;0.04
1;12.30;0.03;0.05
1;12.40;0.04;0.05
1;12.50;0.05;0.05
1;12.60;0.06;0.05
1;12.70;0.05;0.06
1;12.80;0.03;0.05
1;12.90;0.04;0.04
1;13.00;0.04;0.05
1;13.10;0.04;0.06
1;13.20;0.05;0.06
1;13.30;0.06;0.06
1;13.40;0.07;0.08
1;13.50;0.08;0.07
1;13.60;0.08;0.09
1;13.70;0.07;0.10
1;13.80;0.07;0.10
1;13.90;0.07;0.10
1;14.00;0.06;0.10
1;14.10;0.09;0.11
1;14.20;0.09;0.13
1;14.30;0.09;0.15
1;14.40;0.10;0.16
1;14.50;0.12;0.16
1;14.60;0.12;0.17
1;14.70;0.15;0.18
1;14.80;0.17;0.21
1;14.90;0.18;0.20
1;15.00;0.18;0.21
1;15.10;0.19;0.21
1;15.20;0.20;0.23
1;15.30;0.22;0.24
1;15.40;0.23;0.25
1;15.50;0.25;0.26
1;15.60;0.28;0.27
1;15.70;0.29;0.29
1;15.80;0.31;0.30
1;15.90;0.33;0.32
1;16.00;0.34;0.34
1;16.10;0.36;0.35
1;16.20;0.37;0.38
1;16.30;0.39;0.40
1;16.40;0.40;0.42
1;16.50;0.42;0.45
1;16.60;0.42;0.45
1;16.70;0.41;0.47
1;16.80;0.41;0.49
1;16.90;0.43;0.52
1;17.00;0.43;0.53
1;17.10;0.44;0.55
1;17.20;0.45;0.57
1;17.30;0.46;0.59
1;17.40;0.45;0.63
1;17.50;0.45;0.65
1;17.60;0.44;0.68
1;17.70;0.43;0.70
1;17.80;0.42;0.73
1;17.90;0.39;0.74
1;18.00;0.37;0.75
1;18.10;0.36;0.75
1;18.20;0.35;0.76
1;18.30;0.34;0.78
1;18.40;0.33;0.80
1;18.50;0.31;0.80
1;18.60;0.30;0.82
1;18.70;0.29;0.82
1;18.80;0.23;0.83
1;18.90;0.20;0.84
1;19.00;0.18;0.84
1;19.10;0.16;0.85
1;19.20;0.15;0.85
1;19.30;0.11;0.85
1;19.40;0.06;0.85
1;19.50;0.04;0.85
1;19.60;0.01;0.86
1;19.70;0.00;0.86
1;19.80;0.01;0.86
1;19.90;0.02;0.86
1;20.00;0.02;0.87
1;20.10;0.03;0.87
1;20.20;0.05;0.87
1;20.30;0.07;0.88
1;20.40;0.10;0.88
1;20.50;0.11;0.88
1;20.60;0.11;0.88
1;20.70;0.11;0.88
1;20.80;0.13;0.88
1;20.90;0.14;0.88
1;21.00;0.15;0.89
1;21.10;0.18;0.89
1;21.20;0.22;0.89
1;21.30;0.24;0.90
1;21.40;0.24;0.90
1;21.50;0.25;0.90
1;21.60;0.27;0.90
1;21.70;0.29;0.90
1;21.80;0.29;0.90
1;21.90;0.31;0.91
1;22.00;0.31;0.91
1;22.10;0.32;0.91
1;22.20;0.33;0.91
1;22.30;0.41;0.91
1;22.40;0.48;0.91
1;22.50;0.57;0.92
1;22.60;0.67;0.92
1;22.70;0.74;0.92
1;22.80;0.80;0.92
1;22.90;0.83;0.92
1;23.00;0.84;0.92
1;23.10;0.85;0.92
1;23.20;0.86;0.92
1;23.30;0.84;0.92
1;23.40;0.85;0.92
1;23.50;0.86;0.92
1;23.60;0.86;0.92
1;23.70;0.86;0.92
1;23.80;0.86;0.92
1;23.90;0.86;0.92
2;0.00;0.86;0.93
2;0.10;0.87;0.93
2;0.20;0.87;0.93
2;0.30;0.87;0.93
2;0.40;0.87;0.93
2;0.50;0.87;0.93
2;0.60;0.87;0.93
2;0.70;0.87;0.93
2;0.80;0.87;0.93
2;0.90;0.87;0.93
2;1.00;0.87;0.93
2;1.10;0.87;0.93
2;1.20;0.87;0.93
2;1.30;0.87;0.93
2;1.40;0.87;0.93
2;1.50;0.87;0.93
2;1.60;0.87;0.93
2;1.70;0.87;0.93
2;1.80;0.87;0.93
2;1.90;0.87;0.93
2;2.00;0.87;0.93
2;2.10;0.87;0.93
2;2.20;0.87;0.93
2;2.30;0.87;0.93
2;2.40;0.87;0.93
2;2.50;0.87;0.93
2;2.60;0.87;0.93
2;2.70;0.87;0.93
2;2.80;0.87;0.93
2;2.90;0.87;0.93
2;3.00;0.87;0.93
2;3.10;0.87;0.93
2;3.20;0.87;0.93
2;3.30;0.87;0.93
2;3.40;0.87;0.93
2;3.50;0.87;0.93
2;3.60;0.87;0.93
2;3.70;0.87;0.93
2;3.80;0.87;0.93
2;3.90;0.87;0.93
2;4.00;0.87;0.93
2;4.10;0.87;0.93
2;4.20;0.87;0.93
2;4.30;0.87;0.93
2;4.40;0.87;0.93
2;4.50;0.87;0.93
2;4.60;0.87;0.93
2;4.70;0.87;0.93
2;4.80;0.87;0.93
2;4.90;0.87;0.92
2;5.00;0.87;0.91
2;5.10;0.87;0.91
2;5.20;0.86;0.90
2;5.30;0.86;0.89
2;5.40;0.86;0.89
2;5.50;0.86;0.89
2;5.60;0.85;0.87
2;5.70;0.83;0.85
2;5.80;0.81;0.84
2;5.90;0.81;0.81
2;6.00;0.80;0.80
2;6.10;0.78;0.78
2;6.20;0.78;0.78
2;6.30;0.75;0.78
2;6.40;0.74;0.77
2;6.50;0.72;0.76
2;6.60;0.71;0.75
2;6.70;0.69;0.74
2;6.80;0.66;0.72
2;6.90;0.65;0.70
2;7.00;0.64;0.68
2;7.10;0.63;0.66
2;7.20;0.61;0.64
2;7.30;0.60;0.61
2;7.40;0.59;0.58
2;7.50;0.58;0.57
2;7.60;0.57;0.53
2;7.70;0.56;0.50
2;7.80;0.55;0.47
2;7.90;0.54;0.44
2;8.00;0.53;0.41
2;8.10;0.51;0.38
2;8.20;0.49;0.35
2;8.30;0.46;0.31
2;8.40;0.46;0.27
2;8.50;0.44;0.23
2;8.60;0.43;0.22
2;8.70;0.40;0.19
2;8.80;0.37;0.17
2;8.90;0.34;0.16
2;9.00;0.30;0.14
2;9.10;0.29;0.12
2;9.20;0.26;0.11
2;9.30;0.24;0.10
2;9.40;0.23;0.08
2;9.50;0.22;0.07
2;9.60;0.20;0.06
2;9.70;0.18;0.06
2;9.80;0.16;0.04
2;9.90;0.14;0.04
2;10.00;0.12;0.03
2;10.10;0.11;0.03
2;10.20;0.09;0.02
2;10.30;0.07;0.01
2;10.40;0.06;0.01
2;10.50;0.05;0.01
2;10.60;0.05;0.01
2;10.70;0.04;0.01
2;10.80;0.04;0.03
2;10.90;0.05;0.02
2;11.00;0.05;0.01
2;11.10;0.05;0.01
2;11.20;0.05;0.02
2;11.30;0.05;0.02
2;11.40;0.05;0.02
2;11.50;0.04;0.02
2;11.60;0.04;0.03
2;11.70;0.04;0.04
2;11.80;0.04;0.03
2;11.90;0.04;0.03
2;12.00;0.04;0.02
2;12.10;0.03;0.02
2;12.20;0.03;0.02
2;12.30;0.03;0.03
2;12.40;0.04;0.03
2;12.50;0.05;0.02
2;12.60;0.04;0.04
2;12.70;0.06;0.03
2;12.80;0.06;0.03
2;12.90;0.07;0.03
2;13.00;0.08;0.03
2;13.10;0.08;0.04
2;13.20;0.08;0.04
2;13.30;0.07;0.05
2;13.40;0.09;0.05
2;13.50;0.08;0.05
2;13.60;0.08;0.04
2;13.70;0.08;0.06
2;13.80;0.08;0.07
2;13.90;0.08;0.09
2;14.00;0.09;0.10
2;14.10;0.10;0.11
2;14.20;0.12;0.13
2;14.30;0.14;0.14
2;14.40;0.13;0.18
2;14.50;0.13;0.19
2;14.60;0.14;0.19
2;14.70;0.17;0.20
2;14.80;0.19;0.22
2;14.90;0.20;0.22
2;15.00;0.23;0.23
2;15.10;0.24;0.24
2;15.20;0.25;0.26
2;15.30;0.27;0.26
2;15.40;0.28;0.28
2;15.50;0.29;0.30
2;15.60;0.31;0.30
2;15.70;0.32;0.31
2;15.80;0.33;0.33
2;15.90;0.34;0.34
2;16.00;0.35;0.36
2;16.10;0.36;0.38
2;16.20;0.39;0.40
2;16.30;0.38;0.43
2;16.40;0.40;0.46
2;16.50;0.41;0.48
2;16.60;0.43;0.49
2;16.70;0.42;0.50
2;16.80;0.41;0.54
2;16.90;0.39;0.56
2;17.00;0.37;0.58
2;17.10;0.37;0.62
2;17.20;0.37;0.64
2;17.30;0.38;0.68
2;17.40;0.37;0.70
2;17.50;0.38;0.72
2;17.60;0.37;0.74
2;17.70;0.35;0.76
2;17.80;0.34;0.78
2;17.90;0.33;0.78
2;18.00;0.29;0.79
2;18.10;0.29;0.79
2;18.20;0.29;0.80
2;18.30;0.27;0.81
2;18.40;0.26;0.81
2;18.50;0.25;0.82
2;18.60;0.24;0.83
2;18.70;0.21;0.84
2;18.80;0.19;0.84
2;18.90;0.15;0.85
2;19.00;0.13;0.86
2;19.10;0.11;0.87
2;19.20;0.08;0.86
2;19.30;0.07;0.87
2;19.40;0.05;0.87
2;19.50;0.06;0.88
2;19.70;0.05;0.88
2;19.80;0.06;0.88
2;19.90;0.06;0.88
2;20.00;0.06;0.87
2;20.10;0.08;0.87
2;20.20;0.08;0.87
2;20.30;0.10;0.87
2;20.40;0.11;0.87
2;20.50;0.13;0.88
2;20.60;0.13;0.88
2;20.70;0.15;0.88
2;20.80;0.17;0.89
2;20.90;0.18;0.89
2;21.00;0.19;0.89
2;21.10;0.21;0.90
2;21.20;0.22;0.90
2;21.30;0.24;0.90
2;21.40;0.26;0.90
2;21.50;0.28;0.90
2;21.60;0.28;0.90
2;21.70;0.30;0.90
2;21.80;0.31;0.90
2;21.90;0.33;0.91
2;22.00;0.40;0.91
2;22.10;0.50;0.92
2;22.20;0.58;0.92
2;22.30;0.69;0.92
2;22.40;0.74;0.92
2;22.50;0.78;0.92
2;22.60;0.82;0.93
2;22.70;0.80;0.93
2;22.80;0.80;0.93
2;22.90;0.82;0.93
2;23.00;0.83;0.93
2;23.10;0.84;0.93
2;23.20;0.84;0.93
2;23.30;0.85;0.93
2;23.40;0.85;0.93
2;23.50;0.85;0.93
2;23.60;0.85;0.93
2;23.70;0.85;0.93
2;23.80;0.85;0.93
2;23.90;0.85;0.93
3;0.00;0.85;0.93
3;0.10;0.86;0.93
3;0.20;0.86;0.93
3;0.30;0.86;0.93
3;0.40;0.86;0.93
3;0.50;0.86;0.93
3;0.60;0.86;0.93
3;0.70;0.86;0.93
3;0.80;0.86;0.93
3;0.90;0.86;0.93
3;1.00;0.86;0.93
3;1.10;0.86;0.93
3;1.20;0.86;0.93
3;1.30;0.86;0.93
3;1.40;0.86;0.93
3;1.50;0.86;0.93
3;1.60;0.86;0.93
3;1.70;0.86;0.93
3;1.80;0.86;0.93
3;1.90;0.86;0.93
3;2.00;0.86;0.93
3;2.10;0.86;0.93
3;2.20;0.86;0.93
3;2.30;0.86;0.93
3;2.40;0.86;0.93
3;2.50;0.86;0.93
3;2.60;0.86;0.93
3;2.70;0.86;0.93
3;2.80;0.86;0.93
3;2.90;0.86;0.93
3;3.00;0.86;0.93
3;3.10;0.86;0.93
3;3.20;0.86;0.93
3;3.30;0.86;0.93
3;3.40;0.86;0.93
3;3.50;0.86;0.93
3;3.60;0.86;0.93
3;3.70;0.86;0.93
3;3.80;0.86;0.93
3;3.90;0.86;0.93
3;4.00;0.86;0.93
3;4.10;0.86;0.93
3;4.20;0.86;0.93
3;4.30;0.86;0.93
3;4.40;0.86;0.93
3;4.50;0.86;0.93
3;4.60;0.86;0.93
3;4.70;0.86;0.93
3;4.80;0.86;0.92
3;4.90;0.86;0.92
3;5.00;0.86;0.91
3;5.10;0.86;0.91
3;5.20;0.85;0.90
3;5.30;0.85;0.89
3;5.40;0.84;0.89
3;5.50;0.84;0.88
3;5.60;0.83;0.86
3;5.70;0.82;0.85
3;5.80;0.81;0.83
3;5.90;0.80;0.81
3;6.00;0.79;0.80
3;6.10;0.78;0.80
3;6.20;0.77;0.79
3;6.30;0.76;0.79
3;6.40;0.74;0.79
3;6.50;0.73;0.77
3;6.60;0.71;0.76
3;6.70;0.68;0.75
3;6.80;0.65;0.74
3;6.90;0.63;0.73
3;7.00;0.61;0.72
3;7.10;0.60;0.69
3;7.20;0.59;0.66
3;7.30;0.59;0.64
3;7.40;0.58;0.61
3;7.50;0.57;0.58
3;7.60;0.55;0.55
3;7.70;0.54;0.52
3;7.80;0.54;0.50
3;7.90;0.52;0.49
3;8.00;0.50;0.45
3;8.10;0.49;0.44
3;8.20;0.48;0.41
3;8.30;0.46;0.39
3;8.40;0.44;0.37
3;8.50;0.41;0.33
3;8.60;0.39;0.29
3;8.70;0.37;0.27
3;8.80;0.34;0.25
3;8.90;0.33;0.23
3;9.00;0.33;0.20
3;9.10;0.31;0.20
3;9.20;0.29;0.19
3;9.30;0.28;0.20
3;9.40;0.25;0.19
3;9.50;0.24;0.18
3;9.60;0.23;0.18
3;9.70;0.21;0.17
3;9.80;0.20;0.17
3;9.90;0.19;0.16
3;10.00;0.18;0.15
3;10.10;0.16;0.15
3;10.20;0.16;0.16
3;10.30;0.16;0.15
3;10.40;0.16;0.15
3;10.50;0.15;0.14
3;10.60;0.15;0.14
3;10.70;0.15;0.14
3;10.80;0.13;0.14
3;10.90;0.13;0.13
3;11.00;0.12;0.13
3;11.10;0.12;0.13
3;11.20;0.11;0.13
3;11.30;0.11;0.12
3;11.40;0.13;0.12
3;11.50;0.12;0.11
3;11.60;0.14;0.11
3;11.70;0.13;0.11
3;11.80;0.12;0.11
3;11.90;0.13;0.12
3;12.00;0.11;0.12
3;12.10;0.12;0.12
3;12.20;0.11;0.13
3;12.30;0.12;0.14
3;12.40;0.12;0.13
3;12.50;0.12;0.14
3;12.60;0.12;0.15
3;12.70;0.11;0.16
3;12.80;0.12;0.17
3;12.90;0.13;0.18
3;13.00;0.12;0.18
3;13.10;0.13;0.19
3;13.20;0.15;0.21
3;13.30;0.17;0.21
3;13.40;0.19;0.22
3;13.50;0.19;0.23
3;13.60;0.20;0.23
3;13.70;0.21;0.24
3;13.80;0.20;0.25
3;13.90;0.20;0.25
3;14.00;0.20;0.25
3;14.10;0.20;0.25
3;14.20;0.21;0.27
3;14.30;0.23;0.29
3;14.40;0.25;0.31
3;14.50;0.27;0.31
3;14.60;0.28;0.31
3;14.70;0.28;0.32
3;14.80;0.29;0.33
3;14.90;0.30;0.34
3;15.00;0.31;0.34
3;15.10;0.33;0.35
3;15.20;0.33;0.37
3;15.30;0.34;0.38
3;15.40;0.35;0.40
3;15.50;0.37;0.41
3;15.60;0.39;0.42
3;15.70;0.40;0.42
3;15.80;0.43;0.44
3;15.90;0.44;0.46
3;16.00;0.45;0.48
3;16.10;0.46;0.49
3;16.20;0.50;0.50
3;16.30;0.52;0.52
3;16.40;0.53;0.55
3;16.50;0.52;0.58
3;16.60;0.50;0.60
3;16.70;0.50;0.61
3;16.80;0.48;0.63
3;16.90;0.48;0.64
3;17.00;0.46;0.66
3;17.10;0.45;0.69
3;17.20;0.44;0.70
3;17.30;0.44;0.73
3;17.40;0.45;0.75
3;17.50;0.44;0.76
3;17.60;0.44;0.77
3;17.70;0.43;0.78
3;17.80;0.41;0.79
3;17.90;0.41;0.80
3;18.00;0.40;0.81
3;18.10;0.41;0.82
3;18.20;0.42;0.84
3;18.30;0.41;0.85
3;18.40;0.41;0.86
3;18.50;0.40;0.85
3;18.60;0.39;0.85
3;18.70;0.40;0.86
3;18.80;0.40;0.86
3;18.90;0.40;0.87
3;19.00;0.41;0.88
3;19.10;0.41;0.88
3;19.20;0.41;0.87
3;19.30;0.41;0.87
3;19.40;0.42;0.87
3;19.50;0.42;0.87
3;19.60;0.43;0.87
3;19.70;0.44;0.88
3;19.80;0.44;0.88
3;19.90;0.44;0.88
3;20.00;0.45;0.88
3;20.10;0.45;0.89
3;20.20;0.46;0.89
3;20.30;0.47;0.89
3;20.40;0.48;0.89
3;20.50;0.48;0.89
3;20.60;0.49;0.89
3;20.70;0.50;0.90
3;20.80;0.52;0.91
3;20.90;0.53;0.91
3;21.00;0.55;0.91
3;21.10;0.56;0.91
3;21.20;0.60;0.91
3;21.30;0.62;0.90
3;21.40;0.64;0.91
3;21.50;0.65;0.91
3;21.60;0.66;0.91
3;21.70;0.67;0.91
3;21.80;0.69;0.91
3;21.90;0.71;0.91
3;22.00;0.72;0.91
3;22.10;0.73;0.91
3;22.20;0.74;0.91
3;22.30;0.74;0.91
3;22.40;0.75;0.91
3;22.50;0.76;0.91
3;22.60;0.76;0.92
3;22.70;0.77;0.92
3;22.80;0.78;0.92
3;22.90;0.79;0.92
3;23.00;0.79;0.92
3;23.10;0.80;0.92
3;23.20;0.80;0.92
3;23.30;0.81;0.92
3;23.40;0.82;0.93
3;23.50;0.82;0.93
3;23.60;0.82;0.93
3;23.70;0.83;0.93
3;23.80;0.84;0.93
3;23.90;0.85;0.93
4;0.00;0.85;0.93
4;0.10;0.85;0.93
4;0.20;0.85;0.93
4;0.30;0.85;0.93
4;0.40;0.85;0.93
4;0.50;0.85;0.93
4;0.60;0.85;0.93
4;0.70;0.85;0.93
4;0.80;0.85;0.93
4;0.90;0.85;0.93
4;1.00;0.85;0.93
4;1.10;0.85;0.93
4;1.20;0.85;0.93
4;1.30;0.85;0.93
4;1.40;0.85;0.93
4;1.50;0.85;0.93
4;1.60;0.85;0.93
4;1.70;0.85;0.93
4;1.80;0.85;0.93
4;1.90;0.85;0.93
4;2.00;0.85;0.93
4;2.10;0.85;0.93
4;2.20;0.85;0.93
4;2.30;0.85;0.93
4;2.40;0.85;0.93
4;2.50;0.85;0.93
4;2.60;0.85;0.93
4;2.70;0.85;0.93
4;2.80;0.85;0.93
4;2.90;0.85;0.93
4;3.00;0.85;0.93
4;3.10;0.85;0.93
4;3.20;0.85;0.93
4;3.30;0.85;0.93
4;3.40;0.85;0.93
4;3.50;0.85;0.93
4;3.60;0.85;0.93
4;3.70;0.85;0.93
4;3.80;0.85;0.93
4;3.90;0.85;0.93
4;4.00;0.85;0.93
4;4.10;0.85;0.93
4;4.20;0.85;0.93
4;4.30;0.85;0.93
4;4.40;0.85;0.93
4;4.50;0.85;0.93
4;4.60;0.85;0.93
4;4.70;0.85;0.93
4;4.80;0.85;0.93
4;4.90;0.85;0.93
4;5.00;0.85;0.93
4;5.10;0.85;0.93
4;5.20;0.85;0.93
4;5.30;0.85;0.93
4;5.40;0.85;0.93
4;5.50;0.85;0.93
4;5.60;0.85;0.93
4;5.70;0.85;0.93
4;5.80;0.85;0.93
4;5.90;0.85;0.93
4;6.00;0.85;0.93
4;6.10;0.85;0.93
4;6.20;0.85;0.93
4;6.30;0.85;0.93
4;6.40;0.85;0.93
4;6.50;0.85;0.93
4;6.60;0.85;0.93
4;6.70;0.85;0.93
4;6.80;0.85;0.93
4;6.90;0.85;0.93
4;7.00;0.85;0.92
4;7.10;0.85;0.92
4;7.20;0.85;0.92
4;7.30;0.85;0.92
4;7.40;0.85;0.92
4;7.50;0.85;0.92
4;7.60;0.85;0.92
4;7.70;0.85;0.92
4;7.80;0.85;0.91
4;7.90;0.85;0.91
4;8.00;0.85;0.91
4;8.10;0.85;0.91
4;8.20;0.85;0.91
4;8.30;0.85;0.91
4;8.40;0.85;0.91
4;8.50;0.85;0.91
4;8.60;0.85;0.91
4;8.70;0.85;0.90
4;8.80;0.85;0.90
4;8.90;0.85;0.90
4;9.00;0.85;0.90
4;9.10;0.85;0.90
4;9.20;0.85;0.90
4;9.30;0.85;0.90
4;9.40;0.85;0.89
4;9.50;0.86;0.89
4;9.60;0.86;0.89
4;9.70;0.86;0.89
4;9.80;0.86;0.89
4;9.90;0.86;0.89
4;10.00;0.86;0.89
4;10.10;0.86;0.89
4;10.20;0.86;0.89
4;10.30;0.86;0.89
4;10.40;0.86;0.89
4;10.50;0.86;0.88
4;10.60;0.86;0.88
4;10.70;0.86;0.88
4;10.80;0.86;0.88
4;10.90;0.86;0.88
4;11.00;0.86;0.88
4;11.10;0.86;0.88
4;11.20;0.86;0.88
4;11.30;0.86;0.88
4;11.40;0.86;0.88
4;11.50;0.86;0.88
4;11.60;0.86;0.88
4;11.70;0.86;0.88
4;11.80;0.86;0.88
4;11.90;0.86;0.88
4;12.00;0.86;0.88
4;12.10;0.86;0.88
4;12.20;0.86;0.88
4;12.30;0.86;0.88
4;12.40;0.86;0.88
4;12.50;0.86;0.88
4;12.60;0.86;0.88
4;12.70;0.86;0.88
4;12.80;0.86;0.88
4;12.90;0.86;0.88
4;13.00;0.86;0.88
4;13.10;0.86;0.87
4;13.20;0.86;0.87
4;13.30;0.86;0.87
4;13.40;0.86;0.87
4;13.50;0.86;0.87
4;13.60;0.86;0.87
4;13.70;0.86;0.86
4;13.80;0.86;0.86
4;13.90;0.86;0.86
4;14.00;0.86;0.86
4;14.10;0.86;0.86
4;14.20;0.86;0.86
4;14.30;0.86;0.86
4;14.40;0.86;0.86
4;14.50;0.86;0.86
4;14.60;0.86;0.86
4;14.70;0.86;0.86
4;14.80;0.86;0.87
4;14.90;0.86;0.87
4;15.00;0.86;0.87
4;15.10;0.86;0.87
4;15.20;0.86;0.87
4;15.30;0.86;0.87
4;15.40;0.86;0.87
4;15.50;0.86;0.87
4;15.60;0.86;0.87
4;15.70;0.86;0.87
4;15.80;0.86;0.87
4;15.90;0.86;0.87
4;16.00;0.86;0.87
4;16.10;0.86;0.87
4;16.20;0.86;0.87
4;16.30;0.86;0.86
4;16.40;0.86;0.87
4;16.50;0.86;0.87
4;16.60;0.86;0.87
4;16.70;0.86;0.88
4;16.80;0.86;0.87
4;16.90;0.86;0.88
4;17.00;0.86;0.88
4;17.10;0.86;0.88
4;17.20;0.86;0.88
4;17.30;0.86;0.88
4;17.40;0.86;0.87
4;17.50;0.86;0.87
4;17.60;0.86;0.87
4;17.70;0.86;0.87
4;17.80;0.86;0.87
4;17.90;0.86;0.87
4;18.00;0.86;0.86
4;18.10;0.86;0.86
4;18.20;0.86;0.86
4;18.30;0.86;0.86
4;18.40;0.86;0.86
4;18.50;0.86;0.86
4;18.60;0.86;0.86
4;18.70;0.86;0.86
4;18.80;0.86;0.86
4;18.90;0.86;0.86
4;19.00;0.86;0.86
4;19.10;0.86;0.86
4;19.20;0.86;0.86
4;19.30;0.86;0.86
4;19.40;0.86;0.86
4;19.50;0.86;0.86
4;19.60;0.86;0.86
4;19.70;0.86;0.86
4;19.80;0.86;0.86
4;19.90;0.86;0.86
4;20.00;0.86;0.86
4;20.10;0.86;0.86
4;20.20;0.86;0.86
4;20.30;0.86;0.87
4;20.40;0.86;0.87
4;20.50;0.86;0.86
4;20.60;0.86;0.86
4;20.70;0.86;0.86
4;20.80;0.86;0.87
4;20.90;0.86;0.87
4;21.00;0.86;0.87
4;21.10;0.86;0.87
4;21.20;0.86;0.87
4;21.30;0.86;0.87
4;21.40;0.86;0.87
4;21.50;0.86;0.87
4;21.60;0.86;0.87
4;21.70;0.86;0.87
4;21.80;0.86;0.87
4;21.90;0.86;0.88
4;22.00;0.86;0.89
4;22.10;0.86;0.89
4;22.20;0.86;0.89
4;22.30;0.86;0.89
4;22.40;0.86;0.89
4;22.50;0.86;0.90
4;22.60;0.86;0.90
4;22.70;0.86;0.90
4;22.80;0.86;0.90
4;22.90;0.86;0.90
4;23.00;0.86;0.90
4;23.10;0.86;0.90
4;23.20;0.86;0.90
4;23.30;0.86;0.90
4;23.40;0.86;0.90
4;23.50;0.86;0.90
4;23.60;0.86;0.90
4;23.70;0.86;0.90
4;23.80;0.86;0.90
4;23.90;0.86;0.90
5;0.00;0.86;0.90
5;0.10;0.86;0.90
5;0.20;0.86;0.90
5;0.30;0.86;0.90
5;0.40;0.86;0.90
5;0.50;0.86;0.90
5;0.60;0.86;0.90
5;0.70;0.86;0.90
5;0.80;0.86;0.90
5;0.90;0.86;0.90
5;1.00;0.86;0.90
5;1.10;0.86;0.90
5;1.20;0.86;0.90
5;1.30;0.86;0.90
5;1.40;0.86;0.90
5;1.50;0.86;0.90
5;1.60;0.86;0.90
5;1.70;0.86;0.90
5;1.80;0.86;0.90
5;1.90;0.86;0.90
5;2.00;0.86;0.90
5;2.10;0.86;0.90
5;2.20;0.86;0.90
5;2.30;0.86;0.90
5;2.40;0.86;0.90
5;2.50;0.86;0.90
5;2.60;0.86;0.90
5;2.70;0.86;0.90
5;2.80;0.86;0.90
5;2.90;0.86;0.90
5;3.00;0.86;0.90
5;3.10;0.86;0.90
5;3.20;0.86;0.90
5;3.30;0.86;0.90
5;3.40;0.86;0.90
5;3.50;0.86;0.90
5;3.60;0.86;0.90
5;3.70;0.86;0.90
5;3.80;0.86;0.90
5;3.90;0.86;0.90
5;4.00;0.86;0.90
5;4.10;0.86;0.90
5;4.20;0.86;0.90
5;4.30;0.86;0.90
5;4.40;0.86;0.90
5;4.50;0.86;0.90
5;4.60;0.86;0.90
5;4.70;0.86;0.90
5;4.80;0.86;0.90
5;4.90;0.86;0.90
5;5.00;0.86;0.90
5;5.10;0.86;0.90
5;5.20;0.86;0.90
5;5.30;0.86;0.90
5;5.40;0.86;0.90
5;5.50;0.86;0.90
5;5.60;0.86;0.90
5;5.70;0.86;0.90
5;5.80;0.86;0.90
5;5.90;0.86;0.90
5;6.00;0.86;0.89
5;6.10;0.86;0.89
5;6.20;0.86;0.89
5;6.30;0.86;0.89
5;6.40;0.86;0.89
5;6.50;0.86;0.89
5;6.60;0.86;0.89
5;6.70;0.86;0.89
5;6.80;0.86;0.89
5;6.90;0.86;0.89
5;7.00;0.85;0.89
5;7.10;0.84;0.89
5;7.20;0.84;0.89
5;7.30;0.83;0.89
5;7.40;0.82;0.89
5;7.50;0.80;0.89
5;7.60;0.79;0.89
5;7.70;0.78;0.89
5;7.80;0.77;0.89
5;7.90;0.75;0.88
5;8.00;0.74;0.88
5;8.10;0.73;0.88
5;8.20;0.71;0.88
5;8.30;0.69;0.87
5;8.40;0.67;0.87
5;8.50;0.65;0.87
5;8.60;0.63;0.86
5;8.70;0.60;0.86
5;8.80;0.57;0.86
5;8.90;0.54;0.86
5;9.00;0.52;0.86
5;9.10;0.48;0.86
5;9.20;0.47;0.85
5;9.30;0.46;0.85
5;9.40;0.43;0.85
5;9.50;0.41;0.84
5;9.60;0.39;0.83
5;9.70;0.36;0.83
5;9.80;0.32;0.83
5;9.90;0.28;0.82
5;10.00;0.26;0.81
5;10.10;0.22;0.81
5;10.20;0.19;0.81
5;10.30;0.17;0.81
5;10.40;0.14;0.81
5;10.50;0.12;0.81
5;10.60;0.07;0.80
5;10.70;0.05;0.80
5;10.80;0.02;0.80
5;10.90;0.04;0.80
5;11.00;0.03;0.79
5;11.10;0.03;0.79
5;11.20;0.00;0.79
5;11.30;0.00;0.79
5;11.40;0.00;0.79
5;11.50;0.00;0.78
5;11.60;0.00;0.77
5;11.70;0.00;0.77
5;11.80;0.00;0.76
5;11.90;0.01;0.76
5;12.00;0.02;0.76
5;12.10;0.03;0.76
5;12.20;0.03;0.75
5;12.30;0.04;0.75
5;12.40;0.02;0.75
5;12.50;0.02;0.74
5;12.60;0.01;0.75
5;12.70;0.02;0.75
5;12.80;0.03;0.75
5;12.90;0.03;0.75
5;13.00;0.03;0.76
5;13.10;0.02;0.75
5;13.20;0.03;0.75
5;13.30;0.03;0.75
5;13.40;0.04;0.75
5;13.50;0.04;0.75
5;13.60;0.04;0.75
5;13.70;0.05;0.75
5;13.80;0.05;0.76
5;13.90;0.04;0.76
5;14.00;0.03;0.76
5;14.10;0.02;0.76
5;14.20;0.02;0.77
5;14.30;0.00;0.77
5;14.40;0.01;0.77
5;14.50;0.05;0.77
5;14.60;0.05;0.78
5;14.70;0.05;0.77
5;14.80;0.04;0.78
5;14.90;0.04;0.77
5;15.00;0.06;0.77
5;15.10;0.08;0.77
5;15.20;0.09;0.77
5;15.30;0.10;0.78
5;15.40;0.11;0.78
5;15.50;0.12;0.78
5;15.60;0.13;0.79
5;15.70;0.14;0.79
5;15.80;0.14;0.79
5;15.90;0.15;0.79
5;16.00;0.17;0.80
5;16.10;0.18;0.80
5;16.20;0.20;0.80
5;16.30;0.23;0.81
5;16.40;0.24;0.81
5;16.50;0.27;0.82
5;16.60;0.28;0.83
5;16.70;0.29;0.83
5;16.80;0.31;0.83
5;16.90;0.33;0.83
5;17.00;0.33;0.83
5;17.10;0.34;0.83
5;17.20;0.37;0.83
5;17.30;0.39;0.84
5;17.40;0.42;0.84
5;17.50;0.44;0.84
5;17.60;0.47;0.84
5;17.70;0.50;0.85
5;17.80;0.52;0.84
5;17.90;0.52;0.84
5;18.00;0.53;0.84
5;18.10;0.54;0.85
5;18.20;0.54;0.85
5;18.30;0.55;0.85
5;18.40;0.56;0.85
5;18.50;0.57;0.85
5;18.60;0.57;0.85
5;18.70;0.58;0.86
5;18.80;0.59;0.86
5;18.90;0.58;0.86
5;19.00;0.57;0.86
5;19.10;0.56;0.86
5;19.20;0.56;0.86
5;19.30;0.56;0.86
5;19.40;0.57;0.87
5;19.50;0.58;0.87
5;19.60;0.59;0.87
5;19.70;0.59;0.87
5;19.80;0.59;0.87
5;19.90;0.59;0.87
5;20.00;0.59;0.87
5;20.10;0.60;0.87
5;20.20;0.61;0.86
5;20.30;0.60;0.86
5;20.40;0.61;0.86
5;20.50;0.61;0.87
5;20.60;0.62;0.86
5;20.70;0.62;0.86
5;20.80;0.62;0.86
5;20.90;0.63;0.86
5;21.00;0.64;0.87
5;21.10;0.65;0.87
5;21.20;0.67;0.87
5;21.30;0.68;0.87
5;21.40;0.69;0.87
5;21.50;0.69;0.87
5;21.60;0.69;0.87
5;21.70;0.70;0.87
5;21.80;0.71;0.87
5;21.90;0.71;0.87
5;22.00;0.72;0.87
5;22.10;0.73;0.87
5;22.20;0.73;0.87
5;22.30;0.73;0.87
5;22.40;0.73;0.87
5;22.50;0.74;0.87
5;22.60;0.75;0.87
5;22.70;0.75;0.87
5;22.80;0.75;0.87
5;22.90;0.76;0.87
5;23.00;0.76;0.87
5;23.10;0.76;0.88
5;23.20;0.77;0.88
5;23.30;0.77;0.88
5;23.40;0.77;0.88
5;23.50;0.77;0.88
5;23.60;0.77;0.88
5;23.70;0.78;0.88
5;23.80;0.78;0.88
5;23.90;0.78;0.88
6;0.00;0.79;0.88
6;0.10;0.79;0.88
6;0.20;0.78;0.88
6;0.30;0.79;0.88
6;0.40;0.79;0.88
6;0.50;0.79;0.88
6;0.60;0.79;0.88
6;0.70;0.79;0.88
6;0.80;0.79;0.88
6;0.90;0.79;0.88
6;1.00;0.80;0.88
6;1.10;0.80;0.88
6;1.20;0.80;0.88
6;1.30;0.80;0.88
6;1.40;0.80;0.88
6;1.50;0.80;0.88
6;1.60;0.80;0.88
6;1.70;0.80;0.88
6;1.80;0.81;0.88
6;1.90;0.81;0.88
6;2.00;0.81;0.88
6;2.10;0.81;0.88
6;2.20;0.81;0.88
6;2.30;0.81;0.88
6;2.40;0.81;0.88
6;2.50;0.81;0.88
6;2.60;0.81;0.88
6;2.70;0.81;0.88
6;2.80;0.81;0.88
6;2.90;0.81;0.88
6;3.00;0.81;0.88
6;3.10;0.81;0.88
6;3.20;0.81;0.88
6;3.30;0.81;0.88
6;3.40;0.81;0.88
6;3.50;0.81;0.88
6;3.60;0.81;0.88
6;3.70;0.81;0.88
6;3.80;0.81;0.88
6;3.90;0.81;0.88
6;4.00;0.81;0.88
6;4.10;0.81;0.88
6;4.20;0.81;0.88
6;4.30;0.81;0.88
6;4.40;0.81;0.88
6;4.50;0.81;0.88
6;4.60;0.81;0.88
6;4.70;0.81;0.88
6;4.80;0.81;0.88
6;4.90;0.81;0.88
6;5.00;0.81;0.88
6;5.10;0.81;0.88
6;5.20;0.81;0.88
6;5.30;0.81;0.88
6;5.40;0.81;0.88
6;5.50;0.81;0.88
6;5.60;0.81;0.88
6;5.70;0.81;0.87
6;5.80;0.81;0.87
6;5.90;0.81;0.87
6;6.00;0.80;0.87
6;6.10;0.80;0.87
6;6.20;0.81;0.87
6;6.30;0.81;0.87
6;6.40;0.80;0.87
6;6.50;0.80;0.87
6;6.60;0.80;0.87
6;6.70;0.80;0.87
6;6.80;0.80;0.87
6;6.90;0.80;0.87
6;7.00;0.80;0.87
6;7.10;0.80;0.86
6;7.20;0.79;0.86
6;7.30;0.79;0.86
6;7.40;0.79;0.86
6;7.50;0.79;0.86
6;7.60;0.79;0.86
6;7.70;0.79;0.86
6;7.80;0.78;0.86
6;7.90;0.78;0.86
6;8.00;0.77;0.86
6;8.10;0.76;0.86
6;8.20;0.76;0.86
6;8.30;0.76;0.86
6;8.40;0.75;0.86
6;8.50;0.74;0.85
6;8.60;0.73;0.85
6;8.70;0.72;0.85
6;8.80;0.72;0.85
6;8.90;0.72;0.84
6;9.00;0.71;0.84
6;9.10;0.70;0.85
6;9.20;0.69;0.85
6;9.30;0.68;0.84
6;9.40;0.67;0.84
6;9.50;0.67;0.84
6;9.60;0.66;0.84
6;9.70;0.66;0.83
6;9.80;0.66;0.83
6;9.90;0.65;0.83
6;10.00;0.64;0.83
6;10.10;0.63;0.83
6;10.20;0.63;0.83
6;10.30;0.62;0.83
6;10.40;0.61;0.83
6;10.50;0.60;0.83
6;10.60;0.59;0.83
6;10.70;0.58;0.82
6;10.80;0.59;0.83
6;10.90;0.58;0.83
6;11.00;0.57;0.83
6;11.10;0.56;0.84
6;11.20;0.56;0.84
6;11.30;0.56;0.84
6;11.40;0.54;0.84
6;11.50;0.53;0.84
6;11.60;0.52;0.84
6;11.70;0.51;0.85
6;11.80;0.50;0.84
6;11.90;0.50;0.84
6;12.00;0.50;0.84
6;12.10;0.50;0.84
6;12.20;0.49;0.84
6;12.30;0.48;0.83
6;12.40;0.48;0.83
6;12.50;0.47;0.84
6;12.60;0.46;0.84
6;12.70;0.44;0.84
6;12.80;0.44;0.84
6;12.90;0.43;0.83
6;13.00;0.42;0.84
6;13.10;0.42;0.84
6;13.20;0.42;0.84
6;13.30;0.42;0.83
6;13.40;0.41;0.83
6;13.50;0.41;0.83
6;13.60;0.41;0.83
6;13.70;0.41;0.83
6;13.80;0.42;0.84
6;13.90;0.42;0.84
6;14.00;0.41;0.83
6;14.10;0.41;0.83
6;14.20;0.42;0.83
6;14.30;0.42;0.83
6;14.40;0.41;0.83
6;14.50;0.40;0.84
6;14.60;0.41;0.84
6;14.70;0.40;0.84
6;14.80;0.41;0.84
6;14.90;0.42;0.84
6;15.00;0.42;0.84
6;15.10;0.44;0.84
6;15.20;0.44;0.84
6;15.30;0.45;0.85
6;15.40;0.46;0.84
6;15.50;0.46;0.84
6;15.60;0.46;0.85
6;15.70;0.47;0.84
6;15.80;0.48;0.84
6;15.90;0.49;0.84
6;16.00;0.49;0.84
6;16.10;0.49;0.84
6;16.20;0.49;0.85
6;16.30;0.50;0.85
6;16.40;0.50;0.86
6;16.50;0.51;0.87
6;16.60;0.52;0.87
6;16.70;0.54;0.87
6;16.80;0.54;0.87
6;16.90;0.54;0.87
6;17.00;0.54;0.87
6;17.10;0.54;0.87
6;17.20;0.55;0.87
6;17.30;0.56;0.87
6;17.40;0.60;0.88
6;17.50;0.62;0.88
6;17.60;0.65;0.88
6;17.70;0.67;0.89
6;17.80;0.68;0.89
6;17.90;0.69;0.89
6;18.00;0.69;0.88
6;18.10;0.70;0.88
6;18.20;0.70;0.88
6;18.30;0.70;0.88
6;18.40;0.70;0.88
6;18.50;0.70;0.89
6;18.60;0.70;0.89
6;18.70;0.69;0.89
6;18.80;0.69;0.89
6;18.90;0.68;0.89
6;19.00;0.69;0.89
6;19.10;0.68;0.89
6;19.20;0.68;0.89
6;19.30;0.68;0.89
6;19.40;0.68;0.89
6;19.50;0.68;0.89
6;19.60;0.68;0.89
6;19.70;0.69;0.89
6;19.80;0.69;0.89
6;19.90;0.70;0.89
6;20.00;0.69;0.89
6;20.10;0.70;0.89
6;20.20;0.70;0.89
6;20.30;0.70;0.89
6;20.40;0.71;0.88
6;20.50;0.70;0.88
6;20.60;0.70;0.88
6;20.70;0.71;0.88
6;20.80;0.71;0.89
6;20.90;0.71;0.89
6;21.00;0.72;0.89
6;21.10;0.73;0.89
6;21.20;0.73;0.89
6;21.30;0.74;0.89
6;21.40;0.75;0.89
6;21.50;0.75;0.89
6;21.60;0.76;0.89
6;21.70;0.76;0.89
6;21.80;0.76;0.89
6;21.90;0.77;0.89
6;22.00;0.78;0.89
6;22.10;0.78;0.89
6;22.20;0.80;0.89
6;22.30;0.80;0.89
6;22.40;0.81;0.89
6;22.50;0.81;0.89
6;22.60;0.81;0.89
6;22.70;0.81;0.89
6;22.80;0.82;0.89
6;22.90;0.83;0.89
6;23.00;0.83;0.89
6;23.10;0.83;0.89
6;23.20;0.83;0.89
6;23.30;0.83;0.89
6;23.40;0.83;0.89
6;23.50;0.83;0.89
6;23.60;0.83;0.89
6;23.70;0.84;0.89
6;23.80;0.84;0.89
6;23.90;0.84;0.89
0;0.00;0.84;0.89
0;0.10;0.84;0.89
0;0.20;0.84;0.89
0;0.30;0.84;0.90
0;0.40;0.84;0.90
0;0.50;0.84;0.90
0;0.60;0.84;0.90
0;0.70;0.84;0.90
0;0.80;0.84;0.90
0;0.90;0.84;0.90
0;1.00;0.84;0.90
0;1.10;0.84;0.90
0;1.20;0.84;0.90
0;1.30;0.84;0.90
0;1.40;0.84;0.90
0;1.50;0.84;0.90
0;1.60;0.84;0.90
0;1.70;0.84;0.90
0;1.80;0.84;0.90
0;1.90;0.84;0.90
0;2.00;0.84;0.90
0;2.10;0.84;0.90
0;2.20;0.84;0.90
0;2.30;0.84;0.90
0;2.40;0.84;0.90
0;2.50;0.84;0.90
0;2.60;0.84;0.90
0;2.70;0.84;0.90
0;2.80;0.84;0.90
0;2.90;0.84;0.90
0;3.00;0.84;0.90
0;3.10;0.84;0.90
0;3.20;0.84;0.90
0;3.30;0.84;0.90
0;3.40;0.84;0.90
0;3.50;0.84;0.90
0;3.60;0.84;0.90
0;3.70;0.84;0.90
0;3.80;0.84;0.90
0;3.90;0.84;0.90
0;4.00;0.84;0.90
0;4.10;0.84;0.90
0;4.20;0.84;0.90
0;4.30;0.84;0.90
0;4.40;0.84;0.90
0;4.50;0.84;0.90
0;4.60;0.84;0.90
0;4.70;0.84;0.90
0;4.80;0.84;0.90
0;4.90;0.84;0.90
0;5.00;0.84;0.90
0;5.10;0.84;0.90
0;5.20;0.84;0.89
0;5.30;0.84;0.89
0;5.40;0.84;0.89
0;5.50;0.84;0.89
0;5.60;0.84;0.89
0;5.70;0.84;0.89
0;5.80;0.84;0.89
0;5.90;0.84;0.89
0;6.00;0.84;0.89
0;6.10;0.84;0.89
0;6.20;0.84;0.89
0;6.30;0.84;0.89
0;6.40;0.84;0.89
0;6.50;0.84;0.88
0;6.60;0.84;0.88
0;6.70;0.84;0.88
0;6.80;0.84;0.88
0;6.90;0.84;0.88
0;7.00;0.84;0.88
0;7.10;0.83;0.88
0;7.20;0.83;0.88
0;7.30;0.82;0.88
0;7.40;0.81;0.88
0;7.50;0.80;0.88
0;7.60;0.79;0.88
0;7.70;0.78;0.87
0;7.80;0.78;0.87
0;7.90;0.78;0.87
0;8.00;0.77;0.87
0;8.10;0.77;0.87
0;8.20;0.76;0.87
0;8.30;0.76;0.87
0;8.40;0.75;0.87
0;8.50;0.75;0.86
0;8.60;0.74;0.86
0;8.70;0.73;0.86
0;8.80;0.72;0.85
0;8.90;0.71;0.85
0;9.00;0.69;0.85
0;9.10;0.69;0.85
0;9.20;0.68;0.85
0;9.30;0.67;0.85
0;9.40;0.65;0.85
0;9.50;0.64;0.85
0;9.60;0.63;0.85
0;9.70;0.61;0.85
0;9.80;0.59;0.85
0;9.90;0.57;0.85
0;10.00;0.53;0.84
0;10.10;0.51;0.84
0;10.20;0.50;0.85
0;10.30;0.47;0.84
0;10.40;0.45;0.84
0;10.50;0.44;0.84
0;10.60;0.43;0.84
0;10.70;0.41;0.84
0;10.80;0.39;0.84
0;10.90;0.38;0.84
0;11.00;0.38;0.84
0;11.10;0.36;0.84
0;11.20;0.36;0.84
0;11.30;0.37;0.85
0;11.40;0.36;0.85
0;11.50;0.35;0.84
0;11.60;0.35;0.84
0;11.70;0.33;0.84
0;11.80;0.33;0.85
0;11.90;0.31;0.85
0;12.00;0.30;0.84
0;12.10;0.29;0.84
0;12.20;0.29;0.84
0;12.30;0.30;0.84
0;12.40;0.30;0.84
0;12.50;0.30;0.84
0;12.60;0.29;0.84
0;12.70;0.28;0.84
0;12.80;0.28;0.84
0;12.90;0.29;0.84
0;13.00;0.29;0.84
0;13.10;0.30;0.85
0;13.20;0.28;0.85
0;13.30;0.28;0.85
0;13.40;0.29;0.85
0;13.50;0.30;0.85
0;13.60;0.30;0.85
0;13.70;0.31;0.85
0;13.80;0.30;0.85
0;13.90;0.31;0.85
0;14.00;0.31;0.85
0;14.10;0.31;0.85
0;14.20;0.34;0.85
0;14.30;0.32;0.85
0;14.40;0.32;0.85
0;14.50;0.32;0.86
0;14.60;0.35;0.86
0;14.70;0.36;0.86
0;14.80;0.36;0.86
0;14.90;0.37;0.87
0;15.00;0.36;0.87
0;15.10;0.38;0.87
0;15.20;0.38;0.87
0;15.30;0.37;0.87
0;15.40;0.38;0.87
0;15.50;0.39;0.87
0;15.60;0.40;0.87
0;15.70;0.41;0.87
0;15.80;0.43;0.87
0;15.90;0.44;0.87
0;16.00;0.44;0.88
0;16.10;0.46;0.88
0;16.20;0.49;0.88
0;16.30;0.51;0.88
0;16.40;0.53;0.88
0;16.50;0.55;0.88
0;16.60;0.57;0.89
0;16.70;0.58;0.89
0;16.80;0.60;0.89
0;16.90;0.61;0.89
0;17.00;0.63;0.89
0;17.10;0.64;0.89
0;17.20;0.65;0.89
0;17.30;0.67;0.89
0;17.40;0.67;0.89
0;17.50;0.68;0.89
0;17.60;0.68;0.90
0;17.70;0.68;0.90
0;17.80;0.69;0.90
0;17.90;0.69;0.90
0;18.00;0.69;0.90
0;18.10;0.69;0.90
0;18.20;0.71;0.90
0;18.30;0.71;0.91
0;18.40;0.72;0.91
0;18.50;0.71;0.91
0;18.60;0.72;0.91
0;18.70;0.72;0.91
0;18.80;0.72;0.91
0;18.90;0.72;0.92
0;19.00;0.72;0.92
0;19.10;0.72;0.92
0;19.20;0.73;0.92
0;19.30;0.73;0.92
0;19.40;0.73;0.92
0;19.50;0.73;0.92
0;19.60;0.73;0.92
0;19.70;0.74;0.92
0;19.80;0.74;0.92
0;19.90;0.75;0.92
0;20.00;0.75;0.92
0;20.10;0.75;0.92
0;20.20;0.75;0.92
0;20.30;0.76;0.92
0;20.40;0.77;0.92
0;20.50;0.78;0.92
0;20.60;0.78;0.92
0;20.70;0.78;0.92
0;20.80;0.78;0.92
0;20.90;0.79;0.92
0;21.00;0.80;0.92
0;21.10;0.80;0.92
0;21.20;0.80;0.92
0;21.30;0.81;0.92
0;21.40;0.81;0.92
0;21.50;0.81;0.92
0;21.60;0.81;0.93
0;21.70;0.82;0.93
0;21.80;0.82;0.93
0;21.90;0.82;0.93
0;22.00;0.83;0.93
0;22.10;0.83;0.93
0;22.20;0.84;0.93
0;22.30;0.84;0.93
0;22.40;0.84;0.93
0;22.50;0.84;0.93
0;22.60;0.84;0.93
0;22.70;0.84;0.93
0;22.80;0.85;0.93
0;22.90;0.85;0.93
0;23.00;0.85;0.93
0;23.10;0.86;0.93
0;23.20;0.86;0.93
0;23.30;0.86;0.93
0;23.40;0.86;0.93
0;23.50;0.86;0.93
0;23.60;0.86;0.93
0;23.70;0.86;0.93
0;23.80;0.86;0.93
0;23.90;0.86;0.93
1;0.00;0.86;0.93
1;0.10;0.86;0.93
1;0.20;0.86;0.93
1;0.30;0.86;0.93
1;0.40;0.86;0.93
1;0.50;0.86;0.93
1;0.60;0.86;0.93
1;0.70;0.86;0.93
1;0.80;0.86;0.93
1;0.90;0.86;0.93
1;1.00;0.86;0.93
1;1.10;0.86;0.93
1;1.20;0.86;0.93
1;1.30;0.86;0.93
1;1.40;0.86;0.93
1;1.50;0.86;0.93
1;1.60;0.86;0.93
1;1.70;0.86;0.93
1;1.80;0.86;0.93
1;1.90;0.86;0.93
1;2.00;0.86;0.93
1;2.10;0.86;0.93
1;2.20;0.86;0.93
1;2.30;0.86;0.93
1;2.40;0.86;0.93
1;2.50;0.86;0.93
1;2.60;0.86;0.93
1;2.70;0.86;0.93
1;2.80;0.86;0.93
1;2.90;0.86;0.93
1;3.00;0.86;0.93
1;3.10;0.86;0.93
1;3.20;0.86;0.93
1;3.30;0.86;0.93
1;3.40;0.86;0.93
1;3.50;0.86;0.93
1;3.60;0.86;0.93
1;3.70;0.86;0.93
1;3.80;0.86;0.93
1;3.90;0.86;0.93
1;4.00;0.86;0.93
1;4.10;0.86;0.93
1;4.20;0.86;0.93
1;4.30;0.86;0.93
1;4.40;0.86;0.93
1;4.50;0.86;0.93
1;4.60;0.86;0.93
1;4.70;0.86;0.93
1;4.80;0.86;0.93
1;4.90;0.86;0.93
1;5.00;0.86;0.92
1;5.10;0.86;0.92
1;5.20;0.86;0.92
1;5.30;0.85;0.91
1;5.40;0.85;0.91
1;5.50;0.85;0.90
1;5.60;0.85;0.89
1;5.70;0.83;0.89
1;5.80;0.83;0.87
1;5.90;0.82;0.86
1;6.00;0.81;0.86
1;6.10;0.81;0.84
1;6.20;0.79;0.84
1;6.30;0.78;0.83
1;6.40;0.77;0.82
1;6.50;0.75;0.82
1;6.60;0.75;0.81
1;6.70;0.73;0.79
1;6.80;0.72;0.79
1;6.90;0.71;0.78
1;7.00;0.70;0.77
1;7.10;0.69;0.76
1;7.20;0.68;0.72
1;7.30;0.67;0.70
1;7.40;0.66;0.68
1;7.50;0.66;0.66
1;7.60;0.65;0.64
1;7.70;0.64;0.63
1;7.80;0.63;0.59
1;7.90;0.62;0.57
1;8.00;0.61;0.55
1;8.10;0.60;0.52
1;8.20;0.59;0.49
1;8.30;0.57;0.46
1;8.40;0.56;0.44
1;8.50;0.54;0.41
1;8.60;0.54;0.39
1;8.70;0.52;0.37
1;8.80;0.50;0.36
1;8.90;0.48;0.34
1;9.00;0.46;0.33
1;9.10;0.45;0.32
1;9.20;0.43;0.32
1;9.30;0.41;0.32
1;9.40;0.41;0.31
1;9.50;0.40;0.31
1;9.60;0.39;0.31
1;9.70;0.36;0.31
1;9.80;0.35;0.31
1;9.90;0.34;0.30
1;10.00;0.34;0.30
1;10.10;0.33;0.29
1;10.20;0.33;0.29
1;10.30;0.31;0.30
1;10.40;0.30;0.30
1;10.50;0.30;0.30
1;10.60;0.29;0.29
1;10.70;0.28;0.29
1;10.80;0.27;0.29
1;10.90;0.27;0.29
1;11.00;0.28;0.30
1;11.10;0.27;0.30
1;11.20;0.28;0.30
1;11.30;0.29;0.30
1;11.40;0.30;0.30
1;11.50;0.29;0.30
1;11.60;0.28;0.29
1;11.70;0.27;0.31
1;11.80;0.27;0.30
1;11.90;0.26;0.30
1;12.00;0.27;0.31
1;12.10;0.28;0.31
1;12.20;0.27;0.30
1;12.30;0.27;0.31
1;12.40;0.25;0.31
1;12.50;0.26;0.31
1;12.60;0.26;0.31
1;12.70;0.25;0.31
1;12.80;0.25;0.30
1;12.90;0.25;0.30
1;13.00;0.26;0.30
1;13.10;0.26;0.31
1;13.20;0.27;0.31
1;13.30;0.27;0.32
1;13.40;0.27;0.33
1;13.50;0.28;0.33
1;13.60;0.27;0.33
1;13.70;0.28;0.34
1;13.80;0.28;0.34
1;13.90;0.29;0.34
1;14.00;0.30;0.34
1;14.10;0.30;0.35
1;14.20;0.31;0.36
1;14.30;0.32;0.37
1;14.40;0.32;0.38
1;14.50;0.33;0.37
1;14.60;0.35;0.38
1;14.70;0.35;0.38
1;14.80;0.36;0.38
1;14.90;0.36;0.37
1;15.00;0.38;0.38
1;15.10;0.38;0.39
1;15.20;0.40;0.39
1;15.30;0.41;0.39
1;15.40;0.42;0.39
1;15.50;0.44;0.40
1;15.60;0.44;0.41
1;15.70;0.44;0.42
1;15.80;0.45;0.43
1;15.90;0.45;0.44
1;16.00;0.47;0.45
1;16.10;0.49;0.46
1;16.20;0.49;0.48
1;16.30;0.52;0.50
1;16.40;0.54;0.51
1;16.50;0.56;0.53
1;16.60;0.56;0.55
1;16.70;0.55;0.57
1;16.80;0.55;0.60
1;16.90;0.54;0.61
1;17.00;0.54;0.63
1;17.10;0.54;0.63
1;17.20;0.53;0.66
1;17.30;0.53;0.68
1;17.40;0.53;0.71
1;17.50;0.53;0.73
1;17.60;0.51;0.75
1;17.70;0.50;0.76
1;17.80;0.50;0.78
1;17.90;0.49;0.79
1;18.00;0.49;0.81
1;18.10;0.49;0.83
1;18.20;0.49;0.84
1;18.30;0.50;0.85
1;18.40;0.49;0.86
1;18.50;0.48;0.86
1;18.60;0.49;0.87
1;18.70;0.48;0.88
1;18.80;0.47;0.88
1;18.90;0.46;0.89
1;19.00;0.46;0.90
1;19.10;0.46;0.91
1;19.20;0.46;0.91
1;19.30;0.48;0.90
1;19.40;0.49;0.90
1;19.50;0.50;0.90
1;19.60;0.51;0.90
1;19.70;0.52;0.90
1;19.80;0.52;0.91
1;19.90;0.52;0.91
1;20.00;0.51;0.91
1;20.10;0.53;0.91
1;20.20;0.54;0.91
1;20.30;0.55;0.91
1;20.40;0.57;0.91
1;20.50;0.58;0.91
1;20.60;0.59;0.91
1;20.70;0.59;0.91
1;20.80;0.59;0.91
1;20.90;0.60;0.91
1;21.00;0.62;0.91
1;21.10;0.65;0.92
1;21.20;0.67;0.92
1;21.30;0.68;0.92
1;21.40;0.69;0.92
1;21.50;0.70;0.92
1;21.60;0.71;0.92
1;21.70;0.75;0.92
1;21.80;0.76;0.92
1;21.90;0.77;0.92
1;22.00;0.78;0.92
1;22.10;0.78;0.92
1;22.20;0.79;0.92
1;22.30;0.80;0.93
1;22.40;0.80;0.93
1;22.50;0.80;0.93
1;22.60;0.81;0.93
1;22.70;0.82;0.93
1;22.80;0.82;0.93
1;22.90;0.82;0.93
1;23.00;0.82;0.93
1;23.10;0.83;0.93
1;23.20;0.83;0.93
1;23.30;0.84;0.93
1;23.40;0.84;0.93
1;23.50;0.84;0.93
1;23.60;0.84;0.93
1;23.70;0.84;0.93
1;23.80;0.86;0.93
1;23.90;0.86;0.93
2;0.00;0.86;0.93
2;0.10;0.86;0.93
2;0.20;0.86;0.93
2;0.30;0.86;0.93
2;0.40;0.86;0.93
2;0.50;0.86;0.93
2;0.60;0.86;0.93
2;0.70;0.86;0.93
2;0.80;0.86;0.93
2;0.90;0.86;0.93
2;1.00;0.86;0.93
2;1.10;0.86;0.93
2;1.20;0.86;0.93
2;1.30;0.86;0.93
2;1.40;0.86;0.93
2;1.50;0.86;0.93
2;1.60;0.86;0.93
2;1.70;0.86;0.93
2;1.80;0.86;0.93
2;1.90;0.86;0.93
2;2.00;0.86;0.93
2;2.10;0.86;0.93
2;2.20;0.86;0.93
2;2.30;0.86;0.93
2;2.40;0.86;0.93
2;2.50;0.86;0.93
2;2.60;0.86;0.93
2;2.70;0.86;0.93
2;2.80;0.86;0.93
2;2.90;0.86;0.93
2;3.00;0.86;0.93
2;3.10;0.86;0.93
2;3.20;0.86;0.93
2;3.30;0.86;0.93
2;3.40;0.86;0.93
2;3.50;0.86;0.93
2;3.60;0.86;0.93
2;3.70;0.86;0.93
2;3.80;0.86;0.93
2;3.90;0.86;0.93
2;4.00;0.86;0.93
2;4.10;0.86;0.93
2;4.20;0.86;0.93
2;4.30;0.86;0.93
2;4.40;0.86;0.93
2;4.50;0.86;0.93
2;4.60;0.86;0.93
2;4.70;0.86;0.93
2;4.80;0.86;0.93
2;4.90;0.86;0.93
2;5.00;0.86;0.92
2;5.10;0.86;0.92
2;5.20;0.86;0.92
2;5.30;0.86;0.91
2;5.40;0.86;0.91
2;5.50;0.86;0.90
2;5.60;0.85;0.90
2;5.70;0.85;0.89
2;5.80;0.84;0.86
2;5.90;0.83;0.85
2;6.00;0.83;0.84
2;6.10;0.81;0.83
2;6.20;0.80;0.83
2;6.30;0.79;0.82
2;6.40;0.79;0.82
2;6.50;0.78;0.81
2;6.60;0.77;0.80
2;6.70;0.75;0.78
2;6.80;0.72;0.77
2;6.90;0.70;0.76
2;7.00;0.69;0.76
2;7.10;0.68;0.74
2;7.20;0.67;0.71
2;7.30;0.67;0.70
2;7.40;0.66;0.69
2;7.50;0.65;0.68
2;7.60;0.65;0.66
2;7.70;0.64;0.63
2;7.80;0.63;0.60
2;7.90;0.61;0.57
2;8.00;0.60;0.54
2;8.10;0.59;0.51
2;8.20;0.57;0.48
2;8.30;0.56;0.47
2;8.40;0.54;0.45
2;8.50;0.51;0.42
2;8.60;0.50;0.40
2;8.70;0.47;0.38
2;8.80;0.45;0.35
2;8.90;0.44;0.34
2;9.00;0.43;0.32
2;9.10;0.41;0.31
2;9.20;0.41;0.31
2;9.30;0.39;0.31
2;9.40;0.38;0.30
2;9.50;0.36;0.29
2;9.60;0.35;0.29
2;9.70;0.33;0.28
2;9.80;0.31;0.28
2;9.90;0.28;0.28
2;10.00;0.27;0.27
2;10.10;0.25;0.26
2;10.20;0.25;0.26
2;10.30;0.25;0.25
2;10.40;0.24;0.25
2;10.50;0.23;0.25
2;10.60;0.21;0.24
2;10.70;0.20;0.24
2;10.80;0.20;0.24
2;10.90;0.20;0.23
2;11.00;0.19;0.22
2;11.10;0.18;0.22
2;11.20;0.19;0.22
2;11.30;0.17;0.22
2;11.40;0.18;0.23
2;11.50;0.16;0.23
2;11.60;0.16;0.23
2;11.70;0.17;0.23
2;11.80;0.17;0.24
2;11.90;0.17;0.24
2;12.00;0.15;0.24
2;12.10;0.16;0.24
2;12.20;0.16;0.25
2;12.30;0.15;0.25
2;12.40;0.16;0.25
2;12.50;0.17;0.25
2;12.60;0.17;0.25
2;12.70;0.18;0.25
2;12.80;0.19;0.26
2;12.90;0.19;0.26
2;13.00;0.19;0.26
2;13.10;0.18;0.26
2;13.20;0.19;0.26
2;13.30;0.19;0.27
2;13.40;0.20;0.26
2;13.50;0.22;0.26
2;13.60;0.23;0.26
2;13.70;0.23;0.26
2;13.80;0.24;0.26
2;13.90;0.25;0.27
2;14.00;0.26;0.28
2;14.10;0.28;0.29
2;14.20;0.30;0.29
2;14.30;0.31;0.32
2;14.40;0.31;0.32
2;14.50;0.30;0.32
2;14.60;0.31;0.32
2;14.70;0.33;0.33
2;14.80;0.33;0.34
2;14.90;0.33;0.35
2;15.00;0.34;0.35
2;15.10;0.35;0.35
2;15.20;0.36;0.35
2;15.30;0.38;0.36
2;15.40;0.39;0.37
2;15.50;0.40;0.38
2;15.60;0.41;0.40
2;15.70;0.42;0.41
2;15.80;0.44;0.43
2;15.90;0.45;0.45
2;16.00;0.46;0.46
2;16.10;0.47;0.46
2;16.20;0.48;0.48
2;16.30;0.49;0.49
2;16.40;0.50;0.50
2;16.50;0.51;0.52
2;16.60;0.51;0.53
2;16.70;0.50;0.55
2;16.80;0.51;0.57
2;16.90;0.49;0.59
2;17.00;0.49;0.60
2;17.10;0.48;0.62
2;17.20;0.48;0.64
2;17.30;0.49;0.68
2;17.40;0.48;0.70
2;17.50;0.46;0.71
2;17.60;0.45;0.73
2;17.70;0.45;0.76
2;17.80;0.44;0.78
2;17.90;0.42;0.78
2;18.00;0.42;0.80
2;18.10;0.42;0.81
2;18.20;0.42;0.82
2;18.30;0.43;0.83
2;18.40;0.43;0.84
2;18.50;0.43;0.84
2;18.60;0.43;0.84
2;18.70;0.41;0.84
2;18.80;0.40;0.86
2;18.90;0.39;0.87
2;19.00;0.38;0.86
2;19.10;0.37;0.87
2;19.20;0.37;0.87
2;19.30;0.36;0.88
2;19.40;0.37;0.88
2;19.50;0.37;0.88
2;19.60;0.38;0.88
2;19.70;0.39;0.88
2;19.80;0.40;0.88
2;19.90;0.43;0.89
2;20.00;0.43;0.89
2;20.10;0.44;0.89
2;20.20;0.45;0.90
2;20.30;0.46;0.90
2;20.40;0.47;0.90
2;20.50;0.47;0.90
2;20.60;0.48;0.90
2;20.70;0.49;0.91
2;20.80;0.50;0.91
2;20.90;0.54;0.91
2;21.00;0.55;0.91